timestamp,roll_body,pitch_body,yaw_body,yaw_sp_move_rate,q_d[0],q_d[1],q_d[2],q_d[3],thrust,landing_gear,q_d_valid,roll_reset_integral,pitch_reset_integral,yaw_reset_integral,fw_control_yaw,disable_mc_yaw_control,apply_flaps
16817400,0.0,-0.0,0.0,0.0,1.0,0.0,0.0,0.0,0.08,-1.0,1,0,0,0,0,0,0
16901398,0.0,-0.0,0.0,0.0,1.0,0.0,0.0,0.0,0.08,-1.0,1,0,0,0,0,0,0
17006399,0.0,-0.0,0.0,0.0,1.0,0.0,0.0,0.0,0.08,-1.0,1,0,0,0,0,0,0
17111396,0.0,-0.0,0.0,0.0,1.0,0.0,0.0,0.0,0.08,-1.0,1,0,0,0,0,0,0
17216408,0.0,-0.0,0.0,0.0,1.0,0.0,0.0,0.0,0.08,-1.0,1,0,0,0,0,0,0
17321397,0.0,-0.0,0.0,0.0,1.0,0.0,0.0,0.0,0.08,-1.0,1,0,0,0,0,0,0
17426407,0.0,-0.0,0.0,0.0,1.0,0.0,0.0,0.0,0.08,-1.0,1,0,0,0,0,0,0
17510403,0.0,-0.0,0.0,0.0,1.0,0.0,0.0,0.0,0.08,-1.0,1,0,0,0,0,0,0
17615396,0.0,-0.0,0.0,0.0,1.0,0.0,0.0,0.0,0.08,-1.0,1,0,0,0,0,0,0
17720436,0.0,-0.0,0.0,0.0,1.0,0.0,0.0,0.0,0.08,-1.0,1,0,0,0,0,0,0
17831965,0.0,-0.0,0.0,0.0,1.0,0.0,0.0,0.0,0.08,-1.0,1,0,0,0,0,0,0
17935928,0.0,-0.0,0.0,0.0,1.0,0.0,0.0,0.0,0.08,-1.0,1,0,0,0,0,0,0
18036319,0.0,-0.0,0.0,0.0,1.0,0.0,0.0,0.0,0.08,-1.0,1,0,0,0,0,0,0
18140170,0.0,-0.0,0.0,0.0,1.0,0.0,0.0,0.0,0.08,-1.0,1,0,0,0,0,0,0
18239143,0.0,-0.0,0.0,0.0,1.0,0.0,0.0,0.0,0.08,-1.0,1,0,0,0,0,0,0
18340729,0.0,-0.0,0.0,0.0,1.0,0.0,0.0,0.0,0.08,-1.0,1,0,0,0,0,0,0
18444326,0.0,-0.0,-0.0376295,0.0,0.999823,0.0,-0.0,-0.0188136,0.0,-1.0,1,0,0,0,0,0,0
18543236,0.0,-0.0,-0.0368823,0.0,0.99983,0.0,-0.0,-0.0184401,0.188182,-1.0,1,0,0,0,0,0,0
18646874,0.0,-0.0,-0.0366833,0.0060176,0.999832,0.0,-0.0,-0.0183406,0.475987,-1.0,1,0,0,0,0,0,0
18746402,0.0,-0.0,-0.0365365,-0.000141286,0.999833,0.0,-0.0,-0.0182672,0.615174,-1.0,1,0,0,0,0,0,0
18849840,0.0,-0.0,-0.0365348,-3.97924e-06,0.999833,0.0,-0.0,-0.0182664,0.624131,-1.0,1,0,0,0,0,0,0
18947949,0.0,-0.0,-0.0365349,-4.05709e-08,0.999833,0.0,-0.0,-0.0182664,0.624057,-1.0,1,0,0,0,0,0,0
19051777,0.0,-0.0,-0.0365349,9.24963e-10,0.999833,0.0,-0.0,-0.0182664,0.623282,-1.0,1,0,0,0,0,0,0
19152808,0.0,-0.0,-0.0365349,3.78865e-11,0.999833,0.0,-0.0,-0.0182664,0.621612,-1.0,1,0,0,0,0,0,0
19255212,0.0,-0.0,-0.0365349,8.77256e-13,0.999833,0.0,-0.0,-0.0182664,0.621799,-1.0,1,0,0,0,0,0,0
19355805,0.0,-0.0,-0.0365349,-2.55434e-15,0.999833,0.0,-0.0,-0.0182664,0.621795,-1.0,1,0,0,0,0,0,0
19455168,0.0,-0.0,-0.0365349,-1.15697e-15,0.999833,0.0,-0.0,-0.0182664,0.622278,-1.0,1,0,0,0,0,0,0
19559926,0.0,-0.0,-0.0365349,-1.38078e-17,0.999833,0.0,-0.0,-0.0182664,0.621772,-1.0,1,0,0,0,0,0,0
19660145,0.0,-0.0,-0.0365349,6.38191e-19,0.999833,0.0,-0.0,-0.0182664,0.621794,-1.0,1,0,0,0,0,0,0
19764180,0.0,-0.0,-0.0365349,1.31292e-20,0.999833,0.0,-0.0,-0.0182664,0.621795,-1.0,1,0,0,0,0,0,0
19864298,0.0,-0.0,-0.0365349,1.88246e-22,0.999833,0.0,-0.0,-0.0182664,0.621795,-1.0,1,0,0,0,0,0,0
19964068,0.0,-0.0,-0.0365349,-5.61135e-24,0.999833,0.0,-0.0,-0.0182664,0.621795,-1.0,1,0,0,0,0,0,0
20067942,0.0,-0.0,-0.0365349,-1.39655e-25,0.999833,0.0,-0.0,-0.0182664,0.621795,-1.0,1,0,0,0,0,0,0
20168153,0.0,-0.0,-0.0365349,-2.34123e-27,0.999833,0.0,-0.0,-0.0182664,0.621795,-1.0,1,0,0,0,0,0,0
20267947,0.0,-0.0,-0.0365349,4.21751e-29,0.999833,0.0,-0.0,-0.0182664,0.62231,-1.0,1,0,0,0,0,0,0
20371943,0.0,-0.0,-0.0365349,1.38525e-30,0.999833,0.0,-0.0,-0.0182664,0.622288,-1.0,1,0,0,0,0,0,0
20472791,0.0,-0.0,-0.0365349,2.71052e-32,0.999833,0.0,-0.0,-0.0182664,0.622288,-1.0,1,0,0,0,0,0,0
20575771,0.0,-0.0,-0.0365349,-2.1771e-34,0.999833,0.0,-0.0,-0.0182664,0.663098,-1.0,1,0,0,0,0,0,0
20676046,0.0,-0.0,-0.0365349,-1.25921e-35,0.999833,0.0,-0.0,-0.0182664,0.727544,-1.0,1,0,0,0,0,0,0
20775040,0.0,-0.0,-0.0365349,-3.96387e-37,0.999833,0.0,-0.0,-0.0182664,0.803041,-1.0,1,0,0,0,0,0,0
20879020,0.0,-0.0,-0.0365349,-4.85834e-40,0.999833,0.0,-0.0,-0.0182664,0.883958,-1.0,1,0,0,0,0,0,0
20979948,0.0,-0.0,-0.0365349,4.38019e-40,0.999833,0.0,-0.0,-0.0182664,0.914557,-1.0,1,0,0,0,0,0,0
21082938,0.0,-0.0,-0.0365349,5.75794e-42,0.999833,0.0,-0.0,-0.0182664,0.938645,-1.0,1,0,0,0,0,0,0
21184147,0.0,-0.0,-0.0365349,-2.158e-43,0.999833,0.0,-0.0,-0.0182664,0.970024,-1.0,1,0,0,0,0,0,0
21284265,0.0,-0.0,-0.0365349,-4.2039e-45,0.999833,0.0,-0.0,-0.0182664,0.984263,-1.0,1,0,0,0,0,0,0
21388754,0.0,-0.0,-0.0365349,0.0,0.999833,0.0,-0.0,-0.0182664,1.0,-1.0,1,0,0,0,0,0,0
21486970,0.0,-0.0,-0.0365349,0.0,0.999833,0.0,-0.0,-0.0182664,0.999994,-1.0,1,0,0,0,0,0,0
21587736,0.0,-0.0,-0.0365349,0.0,0.999833,0.0,-0.0,-0.0182664,1.0,-1.0,1,0,0,0,0,0,0
21692315,0.0,-0.0,-0.0365349,0.0,0.999833,0.0,-0.0,-0.0182664,1.0,-1.0,1,0,0,0,0,0,0
21791088,0.0,-0.0,-0.0365349,0.0,0.999833,0.0,-0.0,-0.0182664,1.0,-1.0,1,0,0,0,0,0,0
21892741,0.0,-0.0,-0.0365349,0.0,0.999833,0.0,-0.0,-0.0182664,1.0,-1.0,1,0,0,0,0,0,0
21995948,0.0,-0.0,-0.0365349,0.0,0.999833,0.0,-0.0,-0.0182664,1.0,-1.0,1,0,0,0,0,0,0
22096750,0.0,-0.0,-0.0365349,0.0,0.999833,0.0,-0.0,-0.0182664,1.0,-1.0,1,0,0,0,0,0,0
22199867,0.0,-0.0,-0.0365349,0.0,0.999833,0.0,-0.0,-0.0182664,1.0,-1.0,1,0,0,0,0,0,0
22298958,0.0,-0.0,-0.0365349,0.0,0.999833,0.0,-0.0,-0.0182664,1.0,-1.0,1,0,0,0,0,0,0
22400164,0.0,-0.0,-0.0365349,0.0,0.999833,0.0,-0.0,-0.0182664,1.0,-1.0,1,0,0,0,0,0,0
22504784,0.0,-0.0,-0.0365349,0.0,0.999833,0.0,-0.0,-0.0182664,1.0,-1.0,1,0,0,0,0,0,0
22604782,0.0,-0.0,-0.0365349,0.0,0.999833,0.0,-0.0,-0.0182664,1.0,-1.0,1,0,0,0,0,0,0
22704261,0.0,-0.0,-0.0365349,0.0,0.999833,0.0,-0.0,-0.0182664,1.0,-1.0,1,0,0,0,0,0,0
22808146,0.0,-0.0,-0.0365349,0.0,0.999833,0.0,-0.0,-0.0182664,1.0,-1.0,1,0,0,0,0,0,0
22908256,0.0,-0.0,-0.0365349,0.0,0.999833,0.0,-0.0,-0.0182664,1.0,-1.0,1,0,0,0,0,0,0
23012059,0.0,-0.0,-0.0365349,0.0,0.999833,0.0,-0.0,-0.0182664,1.0,-1.0,1,0,0,0,0,0,0
23111263,0.0,-0.0,-0.0365349,0.0,0.999833,0.0,-0.0,-0.0182664,1.0,-1.0,1,0,0,0,0,0,0
23213932,0.0,-0.0,-0.0365349,0.0,0.999833,0.0,-0.0,-0.0182664,1.0,-1.0,1,0,0,0,0,0,0
23316826,0.0,-0.0,-0.0365349,0.0,0.999833,0.0,-0.0,-0.0182664,1.0,-1.0,1,0,0,0,0,0,0
23415030,0.0,-0.0,-0.0365349,0.0,0.999833,0.0,-0.0,-0.0182664,1.0,-1.0,1,0,0,0,0,0,0
23518944,0.0,-0.0,-0.0365349,0.0,0.999833,0.0,-0.0,-0.0182664,1.0,-1.0,1,0,0,0,0,0,0
23620267,0.0,-0.0,-0.0365349,0.0,0.999833,0.0,-0.0,-0.0182664,1.0,-1.0,1,0,0,0,0,0,0
23719974,0.0,-0.0,-0.0365349,0.0,0.999833,0.0,-0.0,-0.0182664,1.0,-1.0,1,0,0,0,0,0,0
23823963,0.0,-0.0,-0.0365349,0.0,0.999833,0.0,-0.0,-0.0182664,1.0,-1.0,1,0,0,0,0,0,0
23925223,0.0,-0.0,-0.0365349,0.0,0.999833,0.0,-0.0,-0.0182664,1.0,-1.0,1,0,0,0,0,0,0
24023961,0.0,-0.0,-0.0365349,0.0,0.999833,0.0,-0.0,-0.0182664,1.0,-1.0,1,0,0,0,0,0,0
24031949,0.0,-0.0,-0.0365349,0.0,0.999833,0.0,-0.0,-0.0182664,1.0,-1.0,1,0,0,0,0,0,0
24031949,0.0,-0.0,-0.0365349,0.0,0.999833,0.0,-0.0,-0.0182664,1.0,-1.0,1,0,0,0,0,0,0
24031949,0.0,-0.0,-0.0365349,0.0,0.999833,0.0,-0.0,-0.0182664,1.0,-1.0,1,0,0,0,0,0,0
24031949,0.0,-0.0,-0.0365349,0.0,0.999833,0.0,-0.0,-0.0182664,1.0,-1.0,1,0,0,0,0,0,0
24031949,0.0,-0.0,-0.0365349,0.0,0.999833,0.0,-0.0,-0.0182664,1.0,-1.0,1,0,0,0,0,0,0
24031949,0.0,-0.0,-0.0365349,0.0,0.999833,0.0,-0.0,-0.0182664,1.0,-1.0,1,0,0,0,0,0,0
24031949,0.0,-0.0,-0.0365349,0.0,0.999833,0.0,-0.0,-0.0182664,1.0,-1.0,1,0,0,0,0,0,0
24031949,0.0,-0.0,-0.0365349,0.0,0.999833,0.0,-0.0,-0.0182664,1.0,-1.0,1,0,0,0,0,0,0
24031949,0.0,-0.0,-0.0365349,0.0,0.999833,0.0,-0.0,-0.0182664,1.0,-1.0,1,0,0,0,0,0,0
24031949,0.0,-0.0,-0.0365349,0.0,0.999833,0.0,-0.0,-0.0182664,1.0,-1.0,1,0,0,0,0,0,0
24031949,0.0,-0.0,-0.0365349,0.0,0.999833,0.0,-0.0,-0.0182664,1.0,-1.0,1,0,0,0,0,0,0
24031949,0.0,-0.0,-0.0365349,0.0,0.999833,0.0,-0.0,-0.0182664,1.0,-1.0,1,0,0,0,0,0,0
24031949,0.0,-0.0,-0.0365349,0.0,0.999833,0.0,-0.0,-0.0182664,1.0,-1.0,1,0,0,0,0,0,0
24031949,0.0,-0.0,-0.0365349,0.0,0.999833,0.0,-0.0,-0.0182664,1.0,-1.0,1,0,0,0,0,0,0
24031949,0.0,-0.0,-0.0365349,0.0,0.999833,0.0,-0.0,-0.0182664,1.0,-1.0,1,0,0,0,0,0,0
24031949,0.0,-0.0,-0.0365349,0.0,0.999833,0.0,-0.0,-0.0182664,1.0,-1.0,1,0,0,0,0,0,0
24031949,0.0,-0.0,-0.0365349,0.0,0.999833,0.0,-0.0,-0.0182664,1.0,-1.0,1,0,0,0,0,0,0
24031949,0.0,-0.0,-0.0365349,0.0,0.999833,0.0,-0.0,-0.0182664,1.0,-1.0,1,0,0,0,0,0,0
24031949,0.0,-0.0,-0.0365349,0.0,0.999833,0.0,-0.0,-0.0182664,1.0,-1.0,1,0,0,0,0,0,0
24031949,0.0,-0.0,-0.0365349,0.0,0.999833,0.0,-0.0,-0.0182664,1.0,-1.0,1,0,0,0,0,0,0
24031949,0.0,-0.0,-0.0365349,0.0,0.999833,0.0,-0.0,-0.0182664,1.0,-1.0,1,0,0,0,0,0,0
24031949,0.0,-0.0,-0.0365349,0.0,0.999833,0.0,-0.0,-0.0182664,1.0,-1.0,1,0,0,0,0,0,0
24031949,0.0,-0.0,-0.0365349,0.0,0.999833,0.0,-0.0,-0.0182664,1.0,-1.0,1,0,0,0,0,0,0
24031949,0.0,-0.0,-0.0365349,0.0,0.999833,0.0,-0.0,-0.0182664,1.0,-1.0,1,0,0,0,0,0,0
24031949,0.0,-0.0,-0.0365349,0.0,0.999833,0.0,-0.0,-0.0182664,1.0,-1.0,1,0,0,0,0,0,0
24031949,0.0,-0.0,-0.0365349,0.0,0.999833,0.0,-0.0,-0.0182664,1.0,-1.0,1,0,0,0,0,0,0
24031949,0.0,-0.0,-0.0365349,0.0,0.999833,0.0,-0.0,-0.0182664,1.0,-1.0,1,0,0,0,0,0,0
24031949,0.0,-0.0,-0.0365349,0.0,0.999833,0.0,-0.0,-0.0182664,1.0,-1.0,1,0,0,0,0,0,0
24031949,0.0,-0.0,-0.0365349,0.0,0.999833,0.0,-0.0,-0.0182664,1.0,-1.0,1,0,0,0,0,0,0
27072852,0.0,-0.0,-2.85611,0.0,0.142259,0.0,-0.0,-0.989829,1.0,-1.0,1,0,0,0,0,0,0
27171936,0.0,-0.0,-2.85611,0.0,0.142259,0.0,-0.0,-0.989829,1.0,-1.0,1,0,0,0,0,0,0
27272110,0.0,-0.0,-2.85611,0.0,0.142259,0.0,-0.0,-0.989829,1.0,-1.0,1,0,0,0,0,0,0
27376318,0.0,-0.0,-2.85611,0.0,0.142259,0.0,-0.0,-0.989829,1.0,-1.0,1,0,0,0,0,0,0
27474426,0.0,-0.0,-2.85611,0.0,0.142259,0.0,-0.0,-0.989829,1.0,-1.0,1,0,0,0,0,0,0
27577961,0.0,-0.0,-2.85611,0.0,0.142259,0.0,-0.0,-0.989829,1.0,-1.0,1,0,0,0,0,0,0
27680182,0.0,-0.0,-2.85611,0.0,0.142259,0.0,-0.0,-0.989829,1.0,-1.0,1,0,0,0,0,0,0
27780197,0.0,-0.0,-2.85611,0.0,0.142259,0.0,-0.0,-0.989829,1.0,-1.0,1,0,0,0,0,0,0
27883991,0.0,-0.0,-2.85611,0.0,0.142259,0.0,-0.0,-0.989829,1.0,-1.0,1,0,0,0,0,0,0
27984195,0.0,-0.0,-2.85611,0.0,0.142259,0.0,-0.0,-0.989829,1.0,-1.0,1,0,0,0,0,0,0
28083991,0.0,-0.0,-2.85611,0.0,0.142259,0.0,-0.0,-0.989829,1.0,-1.0,1,0,0,0,0,0,0
28188164,0.0,-0.0,-2.85611,0.0,0.142259,0.0,-0.0,-0.989829,1.0,-1.0,1,0,0,0,0,0,0
28288013,0.0,-0.0,-2.85611,0.0,0.142259,0.0,-0.0,-0.989829,1.0,-1.0,1,0,0,0,0,0,0
28388179,0.0,-0.0,-2.85611,0.0,0.142259,0.0,-0.0,-0.989829,1.0,-1.0,1,0,0,0,0,0,0
28492162,0.0,-0.0,-2.85611,0.0,0.142259,0.0,-0.0,-0.989829,1.0,-1.0,1,0,0,0,0,0,0
28591953,0.0,-0.0,-2.85611,0.0,0.142259,0.0,-0.0,-0.989829,1.0,-1.0,1,0,0,0,0,0,0
28695960,0.0,-0.0,-2.85611,0.0,0.142259,0.0,-0.0,-0.989829,1.0,-1.0,1,0,0,0,0,0,0
28796183,0.0,-0.0,-2.85611,0.0,0.142259,0.0,-0.0,-0.989829,1.0,-1.0,1,0,0,0,0,0,0
28895980,0.0,-0.0,-2.85611,0.0,0.142259,0.0,-0.0,-0.989829,1.0,-1.0,1,0,0,0,0,0,0
28999951,0.0,-0.0,-2.85611,0.0,0.142259,0.0,-0.0,-0.989829,1.0,-1.0,1,0,0,0,0,0,0
29100717,0.0,-0.0,-2.85611,0.0,0.142259,0.0,-0.0,-0.989829,1.0,-1.0,1,0,0,0,0,0,0
29199944,0.0,-0.0,-2.85611,0.0,0.142259,0.0,-0.0,-0.989829,1.0,-1.0,1,0,0,0,0,0,0
29303940,0.0,-0.0,-2.85611,0.0,0.142259,0.0,-0.0,-0.989829,1.0,-1.0,1,0,0,0,0,0,0
29403851,0.0,-0.0,-2.85611,0.0,0.142259,0.0,-0.0,-0.989829,1.0,-1.0,1,0,0,0,0,0,0
29508328,0.0,-0.0,-2.85611,0.0,0.142259,0.0,-0.0,-0.989829,1.0,-1.0,1,0,0,0,0,0,0
29605960,0.0,-0.0,-2.85611,0.0,0.142259,0.0,-0.0,-0.989829,1.0,-1.0,1,0,0,0,0,0,0
29710318,0.0,-0.0,-2.85611,0.0,0.142259,0.0,-0.0,-0.989829,1.0,-1.0,1,0,0,0,0,0,0
29812207,0.0,-0.0,-2.85611,0.0,0.142259,0.0,-0.0,-0.989829,1.0,-1.0,1,0,0,0,0,0,0
29911938,0.0,-0.0,-2.85611,0.0,0.142259,0.0,-0.0,-0.989829,1.0,-1.0,1,0,0,0,0,0,0
30014949,0.0,-0.0,-2.85611,0.0,0.142259,0.0,-0.0,-0.989829,1.0,-1.0,1,0,0,0,0,0,0
30116167,0.0,-0.0,-2.85611,0.0,0.142259,0.0,-0.0,-0.989829,1.0,-1.0,1,0,0,0,0,0,0
30216774,0.0,-0.0,-2.85611,0.0,0.142259,0.0,-0.0,-0.989829,1.0,-1.0,1,0,0,0,0,0,0
30320177,0.0,-0.0,-2.85611,0.0,0.142259,0.0,-0.0,-0.989829,1.0,-1.0,1,0,0,0,0,0,0
30419941,0.0,0.00376305,-2.85611,0.0,0.142259,0.00186239,0.000267664,-0.989828,1.0,-1.0,1,0,0,0,0,0,0
30520675,0.0,-0.000492348,-2.85611,0.0,0.142259,-0.00024367,-3.50204e-05,-0.989829,1.0,-1.0,1,0,0,0,0,0,0
30624455,0.000251872,-7.38799e-06,-2.85611,0.0,0.142259,1.42591e-05,-0.000125181,-0.989829,1.0,-1.0,1,0,0,0,0,0,0
30724056,0.366794,8.24104e-08,-2.85611,0.0,0.139873,0.0259439,-0.180516,-0.97323,1.0,-1.0,1,0,0,0,0,0,0
30824704,0.610865,1.21951e-08,-2.85611,0.0,0.135675,0.0427781,-0.297647,-0.944017,1.0,-1.0,1,0,0,0,0,0,0
30924072,0.610865,1.26624e-10,-2.85611,0.0,0.135675,0.042778,-0.297647,-0.944017,1.0,-1.0,1,0,0,0,0,0,0
31028016,0.393894,-7.99487e-12,-2.85611,0.0,0.139509,0.0278367,-0.193686,-0.970695,1.0,-1.0,1,0,0,0,0,0,0
31128884,-0.0246411,-1.5333e-13,-2.85611,0.0,0.142248,-0.00175266,0.0121949,-0.989754,1.0,-1.0,1,0,0,0,0,0,0
31232856,-0.102115,1.65924e-15,-2.85611,0.0,0.142073,-0.00726024,0.0505164,-0.98854,1.0,-1.0,1,0,0,0,0,0,0
31332183,-0.101945,-0.000754307,-2.85607,0.0,0.142074,-0.00762192,0.0503783,-0.988544,1.0,-1.0,1,0,0,0,0,0,0
31436139,-0.0242492,-0.0266008,-2.85578,0.0,0.142236,-0.01489,0.0101056,-0.989669,1.0,-1.0,1,0,0,0,0,0,0
31535237,-0.000287474,0.000142114,-2.85611,0.0,0.142259,4.98863e-05,0.000152383,-0.989829,1.0,-1.0,1,0,0,0,0,0,0
31638631,1.3469e-05,2.18958e-05,-2.85611,0.0,0.142259,1.17946e-05,-5.10855e-06,-0.989829,1.0,-1.0,1,0,0,0,0,0,0
31740114,2.75664e-07,2.27342e-07,-2.85611,0.0,0.142259,1.32123e-07,-1.2026e-07,-0.989829,1.0,-1.0,1,0,0,0,0,0,0
31840447,-1.49056e-09,-1.38335e-08,-2.85611,0.0,0.142259,-6.95242e-09,-2.46269e-10,-0.989829,1.0,-1.0,1,0,0,0,0,0,0
31944705,-1.18849e-10,-2.58522e-10,-2.85611,0.0,0.142259,-1.364e-10,4.04317e-11,-0.989829,1.0,-1.0,1,0,0,0,0,0,0
32045037,0.0,-0.0,-2.85611,0.0,0.142259,0.0,-0.0,-0.989829,1.0,-1.0,1,0,0,0,0,0,0
32144384,0.0,-0.0,-2.85611,0.0,0.142259,0.0,-0.0,-0.989829,1.0,-1.0,1,0,0,0,0,0,0
32248673,0.0,-0.0,-2.85611,0.0,0.142259,0.0,-0.0,-0.989829,1.0,-1.0,1,0,0,0,0,0,0
32348217,0.138345,0.775704,0.0,0.0,0.92351,0.0639837,0.377297,-0.0261403,0.120558,1.0,1,0,0,0,0,0,0
32448557,0.137797,0.775782,0.0,0.0,0.923512,0.0637295,0.37734,-0.0260394,0.142527,1.0,1,0,0,0,0,0,0
32552164,0.133017,0.776446,0.0,0.0,0.923537,0.0615139,0.377707,-0.0251579,0.160099,1.0,1,0,0,0,0,0,0
32652856,0.129346,0.776938,0.0,0.0,0.923555,0.0598126,0.37798,-0.0244793,0.166068,1.0,1,0,0,0,0,0,0
32752160,0.128274,0.777079,0.0,0.0,0.92356,0.0593159,0.378058,-0.0242809,0.168325,1.0,1,0,0,0,0,0,0
32852789,0.128633,0.777032,0.0,0.0,0.923559,0.059482,0.378032,-0.0243473,0.169221,1.0,1,0,0,0,0,0,0
32956163,0.12956,0.77691,0.0,0.0,0.923554,0.0599115,0.377965,-0.0245188,0.169593,1.0,1,0,0,0,0,0,0
33060178,0.13005,0.776845,0.0,0.0,0.923552,0.0601387,0.377929,-0.0246095,0.169688,1.0,1,0,0,0,0,0,0
33160487,0.130034,0.776847,0.0,0.0,0.923552,0.0601315,0.37793,-0.0246066,0.169702,1.0,1,0,0,0,0,0,0
33260152,0.129599,0.776905,0.0,0.0,0.923554,0.0599296,0.377962,-0.024526,0.169701,1.0,1,0,0,0,0,0,0
33364369,0.129191,0.776959,0.0,0.0,0.923556,0.0597406,0.377992,-0.0244505,0.1697,1.0,1,0,0,0,0,0,0
33465064,0.128482,0.777052,0.0,0.0,0.923559,0.0594123,0.378043,-0.0243194,0.1697,1.0,1,0,0,0,0,0,0
33569343,0.127425,0.777191,0.0,0.0,0.923565,0.0589222,0.37812,-0.0241236,0.1697,1.0,1,0,0,0,0,0,0
33672276,0.126532,0.777306,0.0,0.0,0.923569,0.0585086,0.378184,-0.0239582,0.1697,1.0,1,0,0,0,0,0,0
33771665,0.125587,0.777428,0.0,0.0,0.923573,0.0580707,0.378252,-0.023783,0.169702,1.0,1,0,0,0,0,0,0
33876818,0.124107,0.777617,0.0,0.0,0.92358,0.0573851,0.378356,-0.0235085,0.169702,1.0,1,0,0,0,0,0,0
33976190,0.122549,0.777813,0.0,0.0,0.923588,0.0566632,0.378465,-0.0232193,0.169702,1.0,1,0,0,0,0,0,0
34076785,0.121311,0.777967,0.0,0.0,0.923593,0.05609,0.378551,-0.0229894,0.169702,1.0,1,0,0,0,0,0,0
34180782,0.120068,0.77812,0.0,0.0,0.923599,0.0555143,0.378635,-0.0227584,0.169702,1.0,1,0,0,0,0,0,0
34280151,0.118773,0.778278,0.0,0.0,0.923605,0.0549141,0.378723,-0.0225175,0.169703,1.0,1,0,0,0,0,0,0
34380186,0.117555,0.778424,0.0,0.0,0.923611,0.05435,0.378804,-0.0222908,0.169704,1.0,1,0,0,0,0,0,0
34484147,0.116614,0.778536,0.0,0.0,0.923615,0.0539144,0.378866,-0.0221157,0.169704,1.0,1,0,0,0,0,0,0
34585005,0.115682,0.778647,0.0,0.0,0.923619,0.0534827,0.378928,-0.021942,0.169704,1.0,1,0,0,0,0,0,0
34688207,0.115025,0.778724,0.0,0.0,0.923622,0.0531783,0.378971,-0.0218196,0.329415,1.0,1,0,0,0,0,0,0
34788149,0.114288,0.77881,0.0,0.0,0.923625,0.0528374,0.379018,-0.0216823,0.454298,1.0,1,0,0,0,0,0,0
34888746,0.113573,0.778893,0.0,0.0,0.923628,0.0525061,0.379064,-0.0215489,0.536735,1.0,1,0,0,0,0,0,0
34992628,0.113429,0.778909,0.0,0.0,0.923629,0.0524394,0.379074,-0.0215221,0.593013,1.0,1,0,0,0,0,0,0
35092785,0.113284,0.778926,0.0,0.0,0.923629,0.0523725,0.379083,-0.0214951,0.63037,1.0,1,0,0,0,0,0,0
35192432,0.113605,0.778889,0.0,0.0,0.923628,0.0525209,0.379062,-0.0215549,0.657245,1.0,1,0,0,0,0,0,0
35296184,0.115261,0.778696,0.0,0.0,0.923621,0.0532875,0.378955,-0.0218635,0.677915,1.0,1,0,0,0,0,0,0
35396471,0.11767,0.77841,0.0,0.0,0.92361,0.0544032,0.378797,-0.0223122,0.692965,1.0,1,0,0,0,0,0,0
35500496,0.120465,0.778071,0.0,0.0,0.923597,0.0556982,0.378608,-0.0228322,0.703084,1.0,1,0,0,0,0,0,0
35600280,0.123108,0.777743,0.0,0.0,0.923585,0.0569221,0.378426,-0.023323,0.708211,1.0,1,0,0,0,0,0,0
35701392,0.127847,0.777135,0.0,0.0,0.923562,0.0591181,0.378089,-0.0242019,0.710958,1.0,1,0,0,0,0,0,0
35805060,0.13394,0.776319,0.0,0.0,0.923532,0.0619415,0.377637,-0.0253282,0.711006,1.0,1,0,0,0,0,0,0
35902707,0.130343,0.711199,0.0,0.0,0.935448,0.0610511,0.347413,-0.0226736,0.669586,1.0,1,0,0,0,0,0,0
36006305,0.12556,0.635397,0.0,0.0,0.948085,0.0595992,0.311766,-0.0195984,0.637052,1.0,1,0,0,0,0,0,0
36108566,0.124149,0.578753,0.0,0.0,0.956576,0.0594555,0.284805,-0.0177019,0.61819,1.0,1,0,0,0,0,0,0
36208215,0.119869,0.523489,0.0,0.0,0.964206,0.0578585,0.258302,-0.0154997,0.597793,1.0,1,0,0,0,0,0,0
36312202,0.117892,0.47823,0.0,0.0,0.969861,0.0572358,0.236431,-0.0139529,0.578702,1.0,1,0,0,0,0,0,0
36412529,0.118602,0.444752,0.0,0.0,0.973662,0.0578068,0.22016,-0.013071,0.563023,1.0,1,0,0,0,0,0,0
36512181,0.117157,0.410134,0.0,0.0,0.977368,0.0573184,0.203284,-0.0119217,0.547646,1.0,1,0,0,0,0,0,0
36616322,0.118715,0.379602,0.0,0.0,0.980312,0.0582575,0.188331,-0.0111921,0.535459,1.0,1,0,0,0,0,0,0
36716909,0.121804,0.355,0.0,0.0,0.982463,0.059908,0.176242,-0.0107468,0.526327,1.0,1,0,0,0,0,0,0
36816187,0.119656,0.329436,0.0,0.0,0.9847,0.0589831,0.163681,-0.00980441,0.518416,1.0,1,0,0,0,0,0,0
36920165,0.119888,0.303811,0.0,0.0,0.986709,0.0592183,0.15105,-0.00906544,0.511475,1.0,1,0,0,0,0,0,0
37020570,0.0853629,0.120821,0.0,0.0,0.997267,0.0425906,0.0603187,-0.00257605,0.483443,1.0,1,0,0,0,0,0,0
37120169,0.0465172,-0.0546266,0.0,0.0,0.999357,0.0232479,-0.0273025,0.000635134,0.477832,1.0,1,0,0,0,0,0,0
37224300,0.0113441,-0.20605,0.0,0.0,0.994682,0.00564194,-0.102841,0.000583326,0.487569,1.0,1,0,0,0,0,0,0
37324606,-0.0133518,-0.32357,0.0,0.0,0.986919,-0.00658866,-0.161077,-0.00107535,0.501133,1.0,1,0,0,0,0,0,0
37428841,-0.0361652,-0.422417,0.0,0.0,0.977618,-0.0176798,-0.209607,-0.00379066,0.515054,1.0,1,0,0,0,0,0,0
37528303,-0.0563268,-0.495836,0.0,0.0,0.969041,-0.0272987,-0.245289,-0.00690999,0.529181,1.0,1,0,0,0,0,0,0
37628973,-0.0692465,-0.553381,0.0,0.0,0.961388,-0.0332997,-0.27301,-0.00945627,0.543063,1.0,1,0,0,0,0,0,0
37732991,-0.0814651,-0.595433,0.0,0.0,0.955216,-0.0389299,-0.293095,-0.0119451,0.556307,1.0,1,0,0,0,0,0,0
37832273,-0.0917586,-0.623522,0.0,0.0,0.950793,-0.0436524,-0.306412,-0.0140678,0.568505,1.0,1,0,0,0,0,0,0
37936279,-0.0980859,-0.634655,0.0,0.0,0.94893,-0.0465757,-0.311653,-0.0152967,0.575771,1.0,1,0,0,0,0,0,0
38036508,-0.099942,-0.644567,0.0,0.0,0.947331,-0.0473785,-0.316338,-0.0158209,0.583193,1.0,1,0,0,0,0,0,0
38138948,-0.101807,-0.640799,0.0,0.0,0.94788,-0.0482922,-0.314538,-0.0160249,0.585146,1.0,1,0,0,0,0,0,0
38240158,-0.102488,-0.636386,0.0,0.0,0.948556,-0.0486505,-0.31244,-0.0160247,0.587178,1.0,1,0,0,0,0,0,0
38340611,-0.0990333,-0.625976,0.0,0.0,0.950252,-0.0470918,-0.307525,-0.0152401,0.586658,1.0,1,0,0,0,0,0,0
38440172,-0.0944183,-0.606941,0.0,0.0,0.953242,-0.0450352,-0.298501,-0.0141025,0.582368,1.0,1,0,0,0,0,0,0
38544184,-0.0872691,-0.58306,0.0,0.0,0.956894,-0.0417802,-0.287144,-0.0125374,0.576921,1.0,1,0,0,0,0,0,0
38644780,-0.0783657,-0.557327,0.0,0.0,0.960686,-0.0376617,-0.27486,-0.0107753,0.571151,1.0,1,0,0,0,0,0,0
38744205,-0.0702389,-0.520907,0.0,0.0,0.965677,-0.033928,-0.25736,-0.00904206,0.562446,1.0,1,0,0,0,0,0,0
38848241,-0.0609116,-0.481691,0.0,0.0,0.970686,-0.0295722,-0.238413,-0.00726332,0.554481,1.0,1,0,0,0,0,0,0
38948850,-0.0505163,-0.441661,0.0,0.0,0.975405,-0.0246422,-0.21897,-0.00553196,0.546065,1.0,1,0,0,0,0,0,0
39052507,-0.0413886,-0.395003,0.0,0.0,0.98035,-0.0202905,-0.196178,-0.00406035,0.537547,1.0,1,0,0,0,0,0,0
39152151,-0.0337333,-0.345465,0.0,0.0,0.984979,-0.0166149,-0.17185,-0.00289881,0.529122,1.0,1,0,0,0,0,0,0
39252862,-0.0235693,-0.296962,0.0,0.0,0.988928,-0.0116547,-0.147926,-0.00174333,0.522378,1.0,1,0,0,0,0,0,0
39356619,-0.0151568,-0.240962,0.0,0.0,0.992722,-0.0075234,-0.120186,-0.000910839,0.516172,1.0,1,0,0,0,0,0,0
39456163,-0.00842713,-0.187565,0.0,0.0,0.995597,-0.00419504,-0.0936443,-0.000394579,0.511105,1.0,1,0,0,0,0,0,0
39560148,-0.0012009,-0.134526,0.0,0.0,0.997739,-0.00059909,-0.0672125,-4.03576e-05,0.507435,1.0,1,0,0,0,0,0,0
39660951,0.00590715,-0.0837368,0.0,0.0,0.999119,0.00295098,-0.041856,0.000123625,0.505203,1.0,1,0,0,0,0,0,0
39760402,0.00846999,-0.0357934,0.0,0.0,0.999831,0.0042343,-0.0178956,7.57881e-05,0.503659,1.0,1,0,0,0,0,0,0
39864224,0.0113444,0.0131185,0.0,0.0,0.999962,0.00567206,0.0065591,-3.7205e-05,0.503522,1.0,1,0,0,0,0,0,0
39965388,0.014862,0.0571823,0.0,0.0,0.999564,0.0074279,0.0285865,-0.00021243,0.504,1.0,1,0,0,0,0,0,0
40062784,0.0152655,0.0967035,0.0,0.0,0.998802,0.00762377,0.0483315,-0.00036891,0.504363,1.0,1,0,0,0,0,0,0
40166312,0.0173082,0.13309,0.0,0.0,0.997749,0.00863485,0.0664936,-0.000575458,0.506038,1.0,1,0,0,0,0,0,0
40270277,0.0167831,0.165981,0.0,0.0,0.996523,0.00836256,0.0828922,-0.00069561,0.507446,1.0,1,0,0,0,0,0,0
40372500,0.0193366,0.196815,0.0,0.0,0.995115,0.00962137,0.098244,-0.000949881,0.509554,1.0,1,0,0,0,0,0,0
40472179,0.0179937,0.217966,0.0,0.0,0.994027,0.00894335,0.108763,-0.000978551,0.510657,1.0,1,0,0,0,0,0,0
40572804,0.0183709,0.240828,0.0,0.0,0.992717,0.00911881,0.120118,-0.00110337,0.512692,1.0,1,0,0,0,0,0,0
40676516,0.0172921,0.256459,0.0,0.0,0.991753,0.00857495,0.127873,-0.00110563,0.513856,1.0,1,0,0,0,0,0,0
40776163,0.0149353,0.264991,0.0,0.0,0.991208,0.00740211,0.132104,-0.000986524,0.514094,1.0,1,0,0,0,0,0,0
40876811,0.0153515,0.276655,0.0,0.0,0.990419,0.00760236,0.137883,-0.00105837,0.514795,1.0,1,0,0,0,0,0,0
40980607,0.0139621,0.282795,0.0,0.0,0.989996,0.00691133,0.140923,-0.00098381,0.514621,1.0,1,0,0,0,0,0,0
41080161,0.0103067,0.281347,0.0,0.0,0.990109,0.00510241,0.140208,-0.000722547,0.513504,1.0,1,0,0,0,0,0,0
41184194,0.00888605,0.278423,0.0,0.0,0.990316,0.00440003,0.138761,-0.000616522,0.512615,1.0,1,0,0,0,0,0,0
41284181,0.00770142,0.275395,0.0,0.0,0.990527,0.00381425,0.137262,-0.000528558,0.511089,1.0,1,0,0,0,0,0,0
41384547,0.00586519,0.269846,0.0,0.0,0.990907,0.00290594,0.134513,-0.000394474,0.509476,1.0,1,0,0,0,0,0,0
41488575,0.00408832,0.258125,0.0,0.0,0.991681,0.00202715,0.128704,-0.000263092,0.506974,1.0,1,0,0,0,0,0,0
41588165,0.000856952,0.240142,0.0,0.0,0.9928,0.000425391,0.119783,-5.13241e-05,0.504153,1.0,1,0,0,0,0,0,0
41688813,-0.00210138,0.229628,0.0,0.0,0.993416,-0.00104377,0.114562,0.000120369,0.502543,1.0,1,0,0,0,0,0,0
41792494,-0.00454833,0.212009,0.0,0.0,0.994384,-0.0022614,0.105806,0.00024062,0.500038,1.0,1,0,0,0,0,0,0
41893227,-0.0070478,0.189903,0.0,0.0,0.995489,-0.00350802,0.0948084,0.000334097,0.497474,1.0,1,0,0,0,0,0,0
41996210,-0.0106467,0.17157,0.0,0.0,0.996309,-0.00530377,0.0856787,0.000456104,0.495497,1.0,1,0,0,0,0,0,0
42096431,-0.0155225,0.149193,0.0,0.0,0.997189,-0.00773957,0.0745252,0.000578419,0.493463,1.0,1,0,0,0,0,0,0
42198293,-0.0188716,0.128124,0.0,0.0,0.997904,-0.00941629,0.0640153,0.000604053,0.492065,1.0,1,0,0,0,0,0,0
42300556,-0.0226494,0.110833,0.0,0.0,0.998401,-0.0113071,0.0553845,0.000627239,0.49106,1.0,1,0,0,0,0,0,0
42400179,-0.0277618,0.0892904,0.0,0.0,0.998907,-0.0138666,0.0446261,0.00061949,0.489843,1.0,1,0,0,0,0,0,0
42500486,-0.0328139,0.0710328,0.0,0.0,0.999235,-0.0163959,0.0355042,0.000582568,0.488788,1.0,1,0,0,0,0,0,0
42604503,-0.0388422,0.0492355,0.0,0.0,0.999509,-0.019414,0.0246106,0.000478025,0.488116,1.0,1,0,0,0,0,0,0
42704224,-0.0435102,0.02817,0.0,0.0,0.999664,-0.0217512,0.0140812,0.000306386,0.487894,1.0,1,0,0,0,0,0,0
42808179,-0.0488107,0.00767679,0.0,0.0,0.999695,-0.0244027,0.00383724,9.36677e-05,0.487706,1.0,1,0,0,0,0,0,0
42908507,-0.0541455,-0.00961196,0.0,0.0,0.999622,-0.0270691,-0.0048042,-0.000130095,0.487961,1.0,1,0,0,0,0,0,0
43008300,-0.0570064,-0.0288467,0.0,0.0,0.99949,-0.0284964,-0.014417,-0.000411042,0.488271,1.0,1,0,0,0,0,0,0
43112208,-0.0602139,-0.0458545,0.0,0.0,0.999284,-0.0300945,-0.0229149,-0.000690105,0.488702,1.0,1,0,0,0,0,0,0
43212724,-0.0618466,-0.0620299,0.0,0.0,0.999041,-0.0309035,-0.0309951,-0.000958778,0.489113,1.0,1,0,0,0,0,0,0
43312169,-0.0638199,-0.0768392,0.0,0.0,0.998753,-0.031881,-0.0383906,-0.00122546,0.489835,1.0,1,0,0,0,0,0,0
43416154,-0.0659709,-0.0917069,0.0,0.0,0.998406,-0.0329448,-0.0458125,-0.00151169,0.490569,1.0,1,0,0,0,0,0,0
43516516,-0.0676911,-0.102963,0.0,0.0,0.998103,-0.0337943,-0.0514293,-0.00174132,0.491519,1.0,1,0,0,0,0,0,0
43620588,-0.0677664,-0.114825,0.0,0.0,0.997779,-0.0338209,-0.0573478,-0.00194387,0.492284,1.0,1,0,0,0,0,0,0
43720153,-0.0679636,-0.123268,0.0,0.0,0.997525,-0.0339107,-0.0615596,-0.00209271,0.492778,1.0,1,0,0,0,0,0,0
43821000,-0.0673521,-0.132482,0.0,0.0,0.997241,-0.0335959,-0.0661548,-0.00222868,0.493243,1.0,1,0,0,0,0,0,0
43924963,-0.0665406,-0.139059,0.0,0.0,0.997032,-0.0331838,-0.0694351,-0.00231098,0.493784,1.0,1,0,0,0,0,0,0
44024311,-0.0654168,-0.144258,0.0,0.0,0.996866,-0.0326175,-0.0720277,-0.00235675,0.493826,1.0,1,0,0,0,0,0,0
44123382,-0.0628837,-0.146573,0.0,0.0,0.996823,-0.0313523,-0.0731845,-0.00230181,0.493997,1.0,1,0,0,0,0,0,0
44227477,-0.0603259,-0.148736,0.0,0.0,0.996782,-0.030075,-0.0742658,-0.00224076,0.494521,1.0,1,0,0,0,0,0,0
44330985,-0.0577681,-0.148833,0.0,0.0,0.996816,-0.0288001,-0.074317,-0.00214718,0.49462,1.0,1,0,0,0,0,0,0
44432160,-0.0559685,-0.148175,0.0,0.0,0.996866,-0.0279038,-0.0739909,-0.00207112,0.494415,1.0,1,0,0,0,0,0,0
44532815,-0.0533522,-0.148638,0.0,0.0,0.996885,-0.0265993,-0.0742242,-0.00198048,0.49475,1.0,1,0,0,0,0,0,0
44632152,-0.0504324,-0.143742,0.0,0.0,0.997101,-0.0251484,-0.0717863,-0.00181056,0.494867,1.0,1,0,0,0,0,0,0
44736147,-0.0466185,-0.14025,0.0,0.0,0.997271,-0.0232499,-0.0700487,-0.00163308,0.494598,1.0,1,0,0,0,0,0,0
44835284,-0.0435343,-0.136935,0.0,0.0,0.997421,-0.0217145,-0.0683978,-0.00148906,0.494137,1.0,1,0,0,0,0,0,0
44937397,-0.0391492,-0.129967,0.0,0.0,0.997698,-0.019532,-0.0649254,-0.00127105,0.493579,1.0,1,0,0,0,0,0,0
45040135,-0.0357703,-0.124767,0.0,0.0,0.997895,-0.0178494,-0.0623332,-0.00111496,0.493565,1.0,1,0,0,0,0,0,0
45140496,-0.0314427,-0.121017,0.0,0.0,0.998047,-0.015692,-0.0604642,-0.000950658,0.493331,1.0,1,0,0,0,0,0,0
45244513,-0.0277532,-0.113982,0.0,0.0,0.99828,-0.0138536,-0.0569549,-0.00079039,0.493224,1.0,1,0,0,0,0,0,0
45344295,-0.0231039,-0.105195,0.0,0.0,0.99855,-0.0115357,-0.0525697,-0.00060731,0.492336,1.0,1,0,0,0,0,0,0
45445576,-0.0199416,-0.0994646,0.0,0.0,0.998714,-0.00995831,-0.0497093,-0.000495658,0.492439,1.0,1,0,0,0,0,0,0
45548503,-0.0153565,-0.0903123,0.0,0.0,0.998951,-0.00767037,-0.0451395,-0.0003466,0.491851,1.0,1,0,0,0,0,0,0
45648160,-0.0117035,-0.0783824,0.0,0.0,0.999215,-0.00584724,-0.0391805,-0.000229278,0.491248,1.0,1,0,0,0,0,0,0
45748184,-0.00831876,-0.071855,0.0,0.0,0.999346,-0.00415669,-0.0359195,-0.000149404,0.491013,1.0,1,0,0,0,0,0,0
45852165,-0.00446461,-0.0622636,0.0,0.0,0.999513,-0.00223122,-0.0311267,-6.94845e-05,0.490357,1.0,1,0,0,0,0,0,0
45952161,-0.00237611,-0.0516098,0.0,0.0,0.999666,-0.00118766,-0.025802,-3.06542e-05,0.490312,1.0,1,0,0,0,0,0,0
46056159,-0.000558521,-0.0432764,0.0,0.0,0.999766,-0.000279195,-0.0216365,-6.04222e-06,0.490167,1.0,1,0,0,0,0,0,0
46157098,0.00240454,-0.0373427,0.0,0.0,0.999825,0.00120206,-0.0186703,2.24467e-05,0.489987,1.0,1,0,0,0,0,0,0
46254607,0.00307101,-0.0273928,0.0,0.0,0.999905,0.00153536,-0.013696,2.10302e-05,0.489848,1.0,1,0,0,0,0,0,0
46358537,0.00521187,-0.0185217,0.0,0.0,0.999954,0.00260582,-0.00926068,2.41328e-05,0.489833,1.0,1,0,0,0,0,0,0
46460527,0.00603528,-0.0125293,0.0,0.0,0.999976,0.00301758,-0.00626461,1.89044e-05,0.489659,1.0,1,0,0,0,0,0,0
46560192,0.00558982,-0.00413466,0.0,0.0,0.999994,0.0027949,-0.00206732,5.778e-06,0.489668,1.0,1,0,0,0,0,0,0
46664160,0.00606933,0.00174666,0.0,0.0,0.999995,0.00303466,0.000873325,-2.65026e-06,0.489637,1.0,1,0,0,0,0,0,0
46764547,0.00635688,0.00686352,0.0,0.0,0.999989,0.00317842,0.00343174,-1.09076e-05,0.489533,1.0,1,0,0,0,0,0,0
46868760,0.00512522,0.0124133,0.0,0.0,0.999977,0.00256256,0.00620658,-1.59051e-05,0.489993,1.0,1,0,0,0,0,0,0
46968166,0.00437193,0.0184677,0.0,0.0,0.999955,0.00218587,0.00923369,-2.01845e-05,0.489914,1.0,1,0,0,0,0,0,0
47068165,0.0022218,0.023138,0.0,0.0,0.999932,0.00111082,0.0115687,-1.28517e-05,0.489522,1.0,1,0,0,0,0,0,0
47172201,0.00110037,0.0276025,0.0,0.0,0.999905,0.000550132,0.0138008,-7.59299e-06,0.489645,1.0,1,0,0,0,0,0,0
47272544,0.000519356,0.0301365,0.0,0.0,0.999886,0.000259648,0.0150677,-3.91274e-06,0.489602,1.0,1,0,0,0,0,0,0
47372452,-0.00137821,0.0350697,0.0,0.0,0.999846,-0.000688999,0.017534,1.20827e-05,0.4896,1.0,1,0,0,0,0,0,0
47476155,-0.00329404,0.0381777,0.0,0.0,0.999816,-0.00164672,0.0190876,3.14378e-05,0.489585,1.0,1,0,0,0,0,0,0
47576486,-0.00489998,0.0392439,0.0,0.0,0.999805,-0.00244952,0.0196206,4.80704e-05,0.490041,1.0,1,0,0,0,0,0,0
47680811,-0.00699733,0.0403076,0.0,0.0,0.999791,-0.00349794,0.0201523,7.05065e-05,0.490033,1.0,1,0,0,0,0,0,0
47782210,-0.00811461,0.0415552,0.0,0.0,0.999776,-0.00405642,0.020776,8.42948e-05,0.490329,1.0,1,0,0,0,0,0,0
47880147,-0.0108335,0.0430851,0.0,0.0,0.999753,-0.00541544,0.0215406,0.00011668,0.490265,1.0,1,0,0,0,0,0,0
47984168,-0.0131698,0.043487,0.0,0.0,0.999742,-0.00658327,0.0217413,0.000143166,0.490014,1.0,1,0,0,0,0,0,0
48084542,-0.0155019,0.0429256,0.0,0.0,0.99974,-0.00774908,0.0214605,0.000166343,0.489777,1.0,1,0,0,0,0,0,0
48152272,-0.0453571,0.0370408,0.0,0.0,0.999571,-0.0226727,0.0185146,0.000419956,0.557988,-1.0,1,0,0,0,0,0,0
48152272,-0.0453571,0.0370408,0.0,0.0,0.999571,-0.0226727,0.0185146,0.000419956,0.557988,-1.0,1,0,0,0,0,0,0
48152272,-0.0453571,0.0370408,0.0,0.0,0.999571,-0.0226727,0.0185146,0.000419956,0.557988,-1.0,1,0,0,0,0,0,0
48152272,-0.0453571,0.0370408,0.0,0.0,0.999571,-0.0226727,0.0185146,0.000419956,0.557988,-1.0,1,0,0,0,0,0,0
48152272,-0.0453571,0.0370408,0.0,0.0,0.999571,-0.0226727,0.0185146,0.000419956,0.557988,-1.0,1,0,0,0,0,0,0
48152272,-0.0453571,0.0370408,0.0,0.0,0.999571,-0.0226727,0.0185146,0.000419956,0.557988,-1.0,1,0,0,0,0,0,0
48152272,-0.0453571,0.0370408,0.0,0.0,0.999571,-0.0226727,0.0185146,0.000419956,0.557988,-1.0,1,0,0,0,0,0,0
48152272,-0.0453571,0.0370408,0.0,0.0,0.999571,-0.0226727,0.0185146,0.000419956,0.557988,-1.0,1,0,0,0,0,0,0
48152272,-0.0453571,0.0370408,0.0,0.0,0.999571,-0.0226727,0.0185146,0.000419956,0.557988,-1.0,1,0,0,0,0,0,0
48152272,-0.0453571,0.0370408,0.0,0.0,0.999571,-0.0226727,0.0185146,0.000419956,0.557988,-1.0,1,0,0,0,0,0,0
48152272,-0.0453571,0.0370408,0.0,0.0,0.999571,-0.0226727,0.0185146,0.000419956,0.557988,-1.0,1,0,0,0,0,0,0
48152272,-0.0453571,0.0370408,0.0,0.0,0.999571,-0.0226727,0.0185146,0.000419956,0.557988,-1.0,1,0,0,0,0,0,0
48152272,-0.0453571,0.0370408,0.0,0.0,0.999571,-0.0226727,0.0185146,0.000419956,0.557988,-1.0,1,0,0,0,0,0,0
48152272,-0.0453571,0.0370408,0.0,0.0,0.999571,-0.0226727,0.0185146,0.000419956,0.557988,-1.0,1,0,0,0,0,0,0
48152272,-0.0453571,0.0370408,0.0,0.0,0.999571,-0.0226727,0.0185146,0.000419956,0.557988,-1.0,1,0,0,0,0,0,0
48152272,-0.0453571,0.0370408,0.0,0.0,0.999571,-0.0226727,0.0185146,0.000419956,0.557988,-1.0,1,0,0,0,0,0,0
48152272,-0.0453571,0.0370408,0.0,0.0,0.999571,-0.0226727,0.0185146,0.000419956,0.557988,-1.0,1,0,0,0,0,0,0
48152272,-0.0453571,0.0370408,0.0,0.0,0.999571,-0.0226727,0.0185146,0.000419956,0.557988,-1.0,1,0,0,0,0,0,0
48152272,-0.0453571,0.0370408,0.0,0.0,0.999571,-0.0226727,0.0185146,0.000419956,0.557988,-1.0,1,0,0,0,0,0,0
48152272,-0.0453571,0.0370408,0.0,0.0,0.999571,-0.0226727,0.0185146,0.000419956,0.557988,-1.0,1,0,0,0,0,0,0
48152272,-0.0453571,0.0370408,0.0,0.0,0.999571,-0.0226727,0.0185146,0.000419956,0.557988,-1.0,1,0,0,0,0,0,0
48152272,-0.0453571,0.0370408,0.0,0.0,0.999571,-0.0226727,0.0185146,0.000419956,0.557988,-1.0,1,0,0,0,0,0,0
48152272,-0.0453571,0.0370408,0.0,0.0,0.999571,-0.0226727,0.0185146,0.000419956,0.557988,-1.0,1,0,0,0,0,0,0
50525332,0.0,-0.0,0.0,0.0,1.0,0.0,-0.0,0.0,1.0,1.0,1,0,0,0,0,0,0
50624269,-0.0360219,0.0405266,0.0,0.0,0.999633,-0.0180063,0.0202586,0.000364917,0.12,1.0,1,0,0,0,0,0,0
50729163,0.0,-0.0,0.0,0.0,1.0,0.0,-0.0,0.0,1.0,1.0,1,0,0,0,0,0,0
50827340,0.0,-0.0,0.0,0.0,1.0,0.0,-0.0,0.0,1.0,1.0,1,0,0,0,0,0,0
50928627,0.0,-0.0,0.0,0.0,1.0,0.0,-0.0,0.0,1.0,1.0,1,0,0,0,0,0,0
51032553,0.0,-0.0,0.0,0.0,1.0,0.0,-0.0,0.0,1.0,1.0,1,0,0,0,0,0,0
51132599,0.0,-0.0,0.0,0.0,1.0,0.0,-0.0,0.0,1.0,1.0,1,0,0,0,0,0,0
51236155,0.0,-0.0,0.0,0.0,1.0,0.0,-0.0,0.0,1.0,1.0,1,0,0,0,0,0,0
51336567,0.0,-0.0,0.0,0.0,1.0,0.0,-0.0,0.0,1.0,1.0,1,0,0,0,0,0,0
51436154,0.0,-0.0,0.0,0.0,1.0,0.0,-0.0,0.0,1.0,1.0,1,0,0,0,0,0,0
51540148,0.0,-0.0,0.0,0.0,1.0,0.0,-0.0,0.0,1.0,1.0,1,0,0,0,0,0,0
51640524,0.0,-0.0,0.0,0.0,1.0,0.0,-0.0,0.0,1.0,1.0,1,0,0,0,0,0,0
51740158,0.0,-0.0,0.0,0.0,1.0,0.0,-0.0,0.0,1.0,1.0,1,0,0,0,0,0,0
51844487,0.0,-0.0,0.0,0.0,1.0,0.0,-0.0,0.0,1.0,1.0,1,0,0,0,0,0,0
51944139,0.0,-0.0,0.0,0.0,1.0,0.0,-0.0,0.0,1.0,1.0,1,0,0,0,0,0,0
52044570,0.0,-0.0,0.0,0.0,1.0,0.0,-0.0,0.0,1.0,1.0,1,0,0,0,0,0,0
52148546,0.0,-0.0,0.0,0.0,1.0,0.0,-0.0,0.0,1.0,1.0,1,0,0,0,0,0,0
52248409,0.0,-0.0,0.0,0.0,1.0,0.0,-0.0,0.0,1.0,1.0,1,0,0,0,0,0,0
52352147,0.0,-0.0,0.0,0.0,1.0,0.0,-0.0,0.0,1.0,1.0,1,0,0,0,0,0,0
52452563,0.0,-0.0,0.0,0.0,1.0,0.0,-0.0,0.0,1.0,1.0,1,0,0,0,0,0,0
52552197,0.0,-0.0,0.0,0.0,1.0,0.0,-0.0,0.0,1.0,1.0,1,0,0,0,0,0,0
52656391,0.0,-0.0,0.0,0.0,1.0,0.0,-0.0,0.0,1.0,1.0,1,0,0,0,0,0,0
52757273,-0.291192,0.0845242,0.0,0.0,0.988536,-0.144953,0.0418025,0.00612965,0.875107,1.0,1,0,0,0,0,0,0
52768143,-0.293669,0.0848425,0.0,0.0,0.988349,-0.146176,0.0419522,0.00620469,0.857588,1.0,1,0,0,0,0,0,0
52768143,-0.293669,0.0848425,0.0,0.0,0.988349,-0.146176,0.0419522,0.00620469,0.857588,1.0,1,0,0,0,0,0,0
52768143,-0.293669,0.0848425,0.0,0.0,0.988349,-0.146176,0.0419522,0.00620469,0.857588,1.0,1,0,0,0,0,0,0
52768143,-0.293669,0.0848425,0.0,0.0,0.988349,-0.146176,0.0419522,0.00620469,0.857588,1.0,1,0,0,0,0,0,0
52768143,-0.293669,0.0848425,0.0,0.0,0.988349,-0.146176,0.0419522,0.00620469,0.857588,1.0,1,0,0,0,0,0,0
52768143,-0.293669,0.0848425,0.0,0.0,0.988349,-0.146176,0.0419522,0.00620469,0.857588,1.0,1,0,0,0,0,0,0
52768143,-0.293669,0.0848425,0.0,0.0,0.988349,-0.146176,0.0419522,0.00620469,0.857588,1.0,1,0,0,0,0,0,0
52768143,-0.293669,0.0848425,0.0,0.0,0.988349,-0.146176,0.0419522,0.00620469,0.857588,1.0,1,0,0,0,0,0,0
52768143,-0.293669,0.0848425,0.0,0.0,0.988349,-0.146176,0.0419522,0.00620469,0.857588,1.0,1,0,0,0,0,0,0
52768143,-0.293669,0.0848425,0.0,0.0,0.988349,-0.146176,0.0419522,0.00620469,0.857588,1.0,1,0,0,0,0,0,0
52768143,-0.293669,0.0848425,0.0,0.0,0.988349,-0.146176,0.0419522,0.00620469,0.857588,1.0,1,0,0,0,0,0,0
52768143,-0.293669,0.0848425,0.0,0.0,0.988349,-0.146176,0.0419522,0.00620469,0.857588,1.0,1,0,0,0,0,0,0
52768143,-0.293669,0.0848425,0.0,0.0,0.988349,-0.146176,0.0419522,0.00620469,0.857588,1.0,1,0,0,0,0,0,0
52768143,-0.293669,0.0848425,0.0,0.0,0.988349,-0.146176,0.0419522,0.00620469,0.857588,1.0,1,0,0,0,0,0,0
52768143,-0.293669,0.0848425,0.0,0.0,0.988349,-0.146176,0.0419522,0.00620469,0.857588,1.0,1,0,0,0,0,0,0
52768143,-0.293669,0.0848425,0.0,0.0,0.988349,-0.146176,0.0419522,0.00620469,0.857588,1.0,1,0,0,0,0,0,0
52768143,-0.293669,0.0848425,0.0,0.0,0.988349,-0.146176,0.0419522,0.00620469,0.857588,1.0,1,0,0,0,0,0,0
52768143,-0.293669,0.0848425,0.0,0.0,0.988349,-0.146176,0.0419522,0.00620469,0.857588,1.0,1,0,0,0,0,0,0
52768143,-0.293669,0.0848425,0.0,0.0,0.988349,-0.146176,0.0419522,0.00620469,0.857588,1.0,1,0,0,0,0,0,0
54788141,0.0,-0.0,0.0,0.0,1.0,0.0,-0.0,0.0,1.0,1.0,1,0,0,0,0,0,0
54889266,-0.139892,0.0363241,0.0,0.0,0.99739,-0.0698773,0.0181166,0.00126925,0.12,1.0,1,0,0,0,0,0,0
54988376,0.0,-0.0,0.0,0.0,1.0,0.0,-0.0,0.0,1.0,1.0,1,0,0,0,0,0,0
55091486,-0.104784,0.0232848,0.0,0.0,0.99856,-0.0523643,0.0116261,0.000609673,0.650525,1.0,1,0,0,0,0,0,0
55192155,0.0,-0.0,0.0,0.0,1.0,0.0,-0.0,0.0,1.0,1.0,1,0,0,0,0,0,0
55293506,0.0,-0.0,0.0,0.0,1.0,0.0,-0.0,0.0,1.0,1.0,1,0,0,0,0,0,0
55396182,0.0,-0.0,0.0,0.0,1.0,0.0,-0.0,0.0,1.0,1.0,1,0,0,0,0,0,0
55496569,0.0,-0.0,0.0,0.0,1.0,0.0,-0.0,0.0,1.0,1.0,1,0,0,0,0,0,0
55599180,0.0,-0.0,0.0,0.0,1.0,0.0,-0.0,0.0,1.0,1.0,1,0,0,0,0,0,0
55700990,0.0,-0.0,0.0,0.0,1.0,0.0,-0.0,0.0,1.0,1.0,1,0,0,0,0,0,0
55800161,0.0,-0.0,0.0,0.0,1.0,0.0,-0.0,0.0,1.0,1.0,1,0,0,0,0,0,0
55904140,0.0,-0.0,0.0,0.0,1.0,0.0,-0.0,0.0,1.0,1.0,1,0,0,0,0,0,0
56004601,0.0,-0.0,0.0,0.0,1.0,0.0,-0.0,0.0,1.0,1.0,1,0,0,0,0,0,0
56108567,0.0,-0.0,0.0,0.0,1.0,0.0,-0.0,0.0,1.0,1.0,1,0,0,0,0,0,0
56208613,0.0,-0.0,0.0,0.0,1.0,0.0,-0.0,0.0,1.0,1.0,1,0,0,0,0,0,0
56308184,0.0,-0.0,0.0,0.0,1.0,0.0,-0.0,0.0,1.0,1.0,1,0,0,0,0,0,0
56412294,0.0,-0.0,0.0,0.0,1.0,0.0,-0.0,0.0,1.0,1.0,1,0,0,0,0,0,0
56512785,0.0,-0.0,0.0,0.0,1.0,0.0,-0.0,0.0,1.0,1.0,1,0,0,0,0,0,0
56612202,0.0,-0.0,0.0,0.0,1.0,0.0,-0.0,0.0,1.0,1.0,1,0,0,0,0,0,0
56716242,0.0,-0.0,0.0,0.0,1.0,0.0,-0.0,0.0,1.0,1.0,1,0,0,0,0,0,0
56817343,0.0,-0.0,0.0,0.0,1.0,0.0,-0.0,0.0,1.0,1.0,1,0,0,0,0,0,0
56918317,0.0,-0.0,0.0,0.0,1.0,0.0,-0.0,0.0,1.0,1.0,1,0,0,0,0,0,0
57021195,0.678955,-0.217517,0.0,0.0,0.937358,0.331027,-0.102349,0.0361446,0.989354,1.0,1,0,0,0,0,0,0
57118446,0.721993,-0.221764,0.0,0.0,0.9298,0.351037,-0.103523,0.039084,0.991447,1.0,1,0,0,0,0,0,0
57222724,0.753797,-0.217353,0.0,0.0,0.924325,0.365867,-0.10085,0.0399185,0.968295,1.0,1,0,0,0,0,0,0
57325984,0.460949,-0.107239,0.0,0.0,0.972159,0.228111,-0.0521769,0.012243,1.0,1.0,1,0,0,0,0,0,0
57400495,0.538067,-0.121997,0.0,0.0,0.962235,0.265305,-0.0587677,0.0162033,1.0,1.0,1,0,0,0,0,0,0
57400495,0.538067,-0.121997,0.0,0.0,0.962235,0.265305,-0.0587677,0.0162033,1.0,1.0,1,0,0,0,0,0,0
57400495,0.538067,-0.121997,0.0,0.0,0.962235,0.265305,-0.0587677,0.0162033,1.0,1.0,1,0,0,0,0,0,0
57400495,0.538067,-0.121997,0.0,0.0,0.962235,0.265305,-0.0587677,0.0162033,1.0,1.0,1,0,0,0,0,0,0
57400495,0.538067,-0.121997,0.0,0.0,0.962235,0.265305,-0.0587677,0.0162033,1.0,1.0,1,0,0,0,0,0,0
57400495,0.538067,-0.121997,0.0,0.0,0.962235,0.265305,-0.0587677,0.0162033,1.0,1.0,1,0,0,0,0,0,0
57400495,0.538067,-0.121997,0.0,0.0,0.962235,0.265305,-0.0587677,0.0162033,1.0,1.0,1,0,0,0,0,0,0
57400495,0.538067,-0.121997,0.0,0.0,0.962235,0.265305,-0.0587677,0.0162033,1.0,1.0,1,0,0,0,0,0,0
57400495,0.538067,-0.121997,0.0,0.0,0.962235,0.265305,-0.0587677,0.0162033,1.0,1.0,1,0,0,0,0,0,0
57400495,0.538067,-0.121997,0.0,0.0,0.962235,0.265305,-0.0587677,0.0162033,1.0,1.0,1,0,0,0,0,0,0
57400495,0.538067,-0.121997,0.0,0.0,0.962235,0.265305,-0.0587677,0.0162033,1.0,1.0,1,0,0,0,0,0,0
57400495,0.538067,-0.121997,0.0,0.0,0.962235,0.265305,-0.0587677,0.0162033,1.0,1.0,1,0,0,0,0,0,0
57400495,0.538067,-0.121997,0.0,0.0,0.962235,0.265305,-0.0587677,0.0162033,1.0,1.0,1,0,0,0,0,0,0
57400495,0.538067,-0.121997,0.0,0.0,0.962235,0.265305,-0.0587677,0.0162033,1.0,1.0,1,0,0,0,0,0,0
57400495,0.538067,-0.121997,0.0,0.0,0.962235,0.265305,-0.0587677,0.0162033,1.0,1.0,1,0,0,0,0,0,0
57400495,0.538067,-0.121997,0.0,0.0,0.962235,0.265305,-0.0587677,0.0162033,1.0,1.0,1,0,0,0,0,0,0
57400495,0.538067,-0.121997,0.0,0.0,0.962235,0.265305,-0.0587677,0.0162033,1.0,1.0,1,0,0,0,0,0,0
57400495,0.538067,-0.121997,0.0,0.0,0.962235,0.265305,-0.0587677,0.0162033,1.0,1.0,1,0,0,0,0,0,0
57400495,0.538067,-0.121997,0.0,0.0,0.962235,0.265305,-0.0587677,0.0162033,1.0,1.0,1,0,0,0,0,0,0
57400495,0.538067,-0.121997,0.0,0.0,0.962235,0.265305,-0.0587677,0.0162033,1.0,1.0,1,0,0,0,0,0,0
57400495,0.538067,-0.121997,0.0,0.0,0.962235,0.265305,-0.0587677,0.0162033,1.0,1.0,1,0,0,0,0,0,0
59556851,0.0,-0.0,0.0,0.0,1.0,0.0,-0.0,0.0,1.0,1.0,1,0,0,0,0,0,0
59660812,0.0,-0.0,0.0,0.0,1.0,0.0,-0.0,0.0,1.0,1.0,1,0,0,0,0,0,0
59760156,0.153461,-0.0520475,0.0,0.0,0.99672,0.0766291,-0.0259442,0.00199463,0.12,1.0,1,0,0,0,0,0,0
59860811,0.0,-0.0,0.0,0.0,1.0,0.0,-0.0,0.0,1.0,1.0,1,0,0,0,0,0,0
59965624,0.0,-0.0,0.0,0.0,1.0,0.0,-0.0,0.0,1.0,1.0,1,0,0,0,0,0,0
60064184,0.14157,-0.0536586,0.0,0.0,0.997137,0.0707004,-0.0267589,0.0018973,0.649673,1.0,1,0,0,0,0,0,0
60168163,0.0,-0.0,0.0,0.0,1.0,0.0,-0.0,0.0,1.0,1.0,1,0,0,0,0,0,0
60268535,0.0,-0.0,0.0,0.0,1.0,0.0,-0.0,0.0,1.0,1.0,1,0,0,0,0,0,0
60368137,0.0,-0.0,0.0,0.0,1.0,0.0,-0.0,0.0,1.0,1.0,1,0,0,0,0,0,0
60472137,0.0,-0.0,0.0,0.0,1.0,0.0,-0.0,0.0,1.0,1.0,1,0,0,0,0,0,0
60572530,0.0,-0.0,0.0,0.0,1.0,0.0,-0.0,0.0,1.0,1.0,1,0,0,0,0,0,0
60672173,0.0,-0.0,0.0,0.0,1.0,0.0,-0.0,0.0,1.0,1.0,1,0,0,0,0,0,0
60776532,0.0,-0.0,0.0,0.0,1.0,0.0,-0.0,0.0,1.0,1.0,1,0,0,0,0,0,0
60876161,0.0,-0.0,0.0,0.0,1.0,0.0,-0.0,0.0,1.0,1.0,1,0,0,0,0,0,0
60980158,0.0,-0.0,0.0,0.0,1.0,0.0,-0.0,0.0,1.0,1.0,1,0,0,0,0,0,0
61080166,0.0,-0.0,0.0,0.0,1.0,0.0,-0.0,0.0,1.0,1.0,1,0,0,0,0,0,0
61181377,0.0,-0.0,0.0,0.0,1.0,0.0,-0.0,0.0,1.0,1.0,1,0,0,0,0,0,0
61285090,0.0,-0.0,0.0,0.0,1.0,0.0,-0.0,0.0,1.0,1.0,1,0,0,0,0,0,0
61384258,0.0,-0.0,0.0,0.0,1.0,0.0,-0.0,0.0,1.0,1.0,1,0,0,0,0,0,0
61484992,0.0,-0.0,0.0,0.0,1.0,0.0,-0.0,0.0,1.0,1.0,1,0,0,0,0,0,0
61587120,0.0,-0.0,0.0,0.0,1.0,0.0,-0.0,0.0,1.0,1.0,1,0,0,0,0,0,0
61688182,0.0,-0.0,0.0,0.0,1.0,0.0,-0.0,0.0,1.0,1.0,1,0,0,0,0,0,0
61792162,0.0,-0.0,0.0,0.0,1.0,0.0,-0.0,0.0,1.0,1.0,1,0,0,0,0,0,0
61892522,0.0,-0.0,0.0,0.0,1.0,0.0,-0.0,0.0,1.0,1.0,1,0,0,0,0,0,0
61992574,0.0,-0.0,0.0,0.0,1.0,0.0,-0.0,0.0,1.0,1.0,1,0,0,0,0,0,0
62096815,-0.41826,0.620153,0.0,0.0,0.931561,-0.197708,0.298483,0.063348,0.989081,1.0,1,0,0,0,0,0,0
62196152,0.0,-0.0,0.0,0.0,1.0,0.0,-0.0,0.0,1.0,1.0,1,0,0,0,0,0,0
62296801,-0.448972,0.66827,0.0,0.0,0.920991,-0.210294,0.319723,0.0730039,0.97272,1.0,1,0,0,0,0,0,0
62400575,-0.451959,0.666437,0.0,0.0,0.920968,-0.211736,0.31877,0.0732872,0.969002,1.0,1,0,0,0,0,0,0
62500154,-0.454577,0.664813,0.0,0.0,0.920949,-0.213002,0.317926,0.0735315,0.982187,1.0,1,0,0,0,0,0,0
62604173,-0.456059,0.663886,0.0,0.0,0.920938,-0.213718,0.317445,0.073668,0.98872,1.0,1,0,0,0,0,0,0
62704413,0.0,-0.0,0.045497,0.0,0.999741,0.0,0.0,0.0227465,1.0,1.0,1,0,0,0,0,0,0
62804147,0.0,-0.0,0.045497,0.0,0.999741,0.0,0.0,0.0227465,1.0,1.0,1,0,0,0,0,0,0
62908047,0.0,-0.0,0.045497,0.0,0.999741,0.0,0.0,0.0227465,1.0,1.0,1,0,0,0,0,0,0
63008413,0.0,-0.0,0.045497,0.0,0.999741,0.0,0.0,0.0227465,1.0,1.0,1,0,0,0,0,0,0
63108088,0.0,-0.0,0.045497,0.0,0.999741,0.0,0.0,0.0227465,1.0,1.0,1,0,0,0,0,0,0
63212068,0.0,-0.0,0.045497,0.0,0.999741,0.0,0.0,0.0227465,1.0,1.0,1,0,0,0,0,0,0
63313980,0.0,-0.0,0.045497,0.0,0.999741,0.0,0.0,0.0227465,1.0,1.0,1,0,0,0,0,0,0
63416943,0.0,-0.0,0.045497,0.0,0.999741,0.0,0.0,0.0227465,1.0,1.0,1,0,0,0,0,0,0
63516244,0.0,-0.0,0.045497,0.0,0.999741,0.0,0.0,0.0227465,1.0,1.0,1,0,0,0,0,0,0
63614873,0.0,-0.0,0.045497,0.0,0.999741,0.0,0.0,0.0227465,1.0,1.0,1,0,0,0,0,0,0
63719014,0.0,-0.0,0.045497,0.0,0.999741,0.0,0.0,0.0227465,1.0,1.0,1,0,0,0,0,0,0
63820076,0.0,-0.0,0.045497,0.0,0.999741,0.0,0.0,0.0227465,1.0,1.0,1,0,0,0,0,0,0
63920666,0.0,-0.0,0.045497,0.0,0.999741,0.0,0.0,0.0227465,1.0,1.0,1,0,0,0,0,0,0
64024089,0.0,-0.0,0.045497,0.0,0.999741,0.0,0.0,0.0227465,1.0,1.0,1,0,0,0,0,0,0
64124654,0.0,-0.0,0.045497,0.0,0.999741,0.0,0.0,0.0227465,1.0,1.0,1,0,0,0,0,0,0
64228388,0.0,-0.0,0.045497,0.0,0.999741,0.0,0.0,0.0227465,1.0,1.0,1,0,0,0,0,0,0
64328029,0.0,-0.0,0.045497,0.0,0.999741,0.0,0.0,0.0227465,1.0,1.0,1,0,0,0,0,0,0
64328029,0.0,-0.0,0.045497,0.0,0.999741,0.0,0.0,0.0227465,1.0,1.0,1,0,0,0,0,0,0
64328029,0.0,-0.0,0.045497,0.0,0.999741,0.0,0.0,0.0227465,1.0,1.0,1,0,0,0,0,0,0
64328029,0.0,-0.0,0.045497,0.0,0.999741,0.0,0.0,0.0227465,1.0,1.0,1,0,0,0,0,0,0
64328029,0.0,-0.0,0.045497,0.0,0.999741,0.0,0.0,0.0227465,1.0,1.0,1,0,0,0,0,0,0
64328029,0.0,-0.0,0.045497,0.0,0.999741,0.0,0.0,0.0227465,1.0,1.0,1,0,0,0,0,0,0
64328029,0.0,-0.0,0.045497,0.0,0.999741,0.0,0.0,0.0227465,1.0,1.0,1,0,0,0,0,0,0
64328029,0.0,-0.0,0.045497,0.0,0.999741,0.0,0.0,0.0227465,1.0,1.0,1,0,0,0,0,0,0
64328029,0.0,-0.0,0.045497,0.0,0.999741,0.0,0.0,0.0227465,1.0,1.0,1,0,0,0,0,0,0
64328029,0.0,-0.0,0.045497,0.0,0.999741,0.0,0.0,0.0227465,1.0,1.0,1,0,0,0,0,0,0
64328029,0.0,-0.0,0.045497,0.0,0.999741,0.0,0.0,0.0227465,1.0,1.0,1,0,0,0,0,0,0
64328029,0.0,-0.0,0.045497,0.0,0.999741,0.0,0.0,0.0227465,1.0,1.0,1,0,0,0,0,0,0
64328029,0.0,-0.0,0.045497,0.0,0.999741,0.0,0.0,0.0227465,1.0,1.0,1,0,0,0,0,0,0
64328029,0.0,-0.0,0.045497,0.0,0.999741,0.0,0.0,0.0227465,1.0,1.0,1,0,0,0,0,0,0
64328029,0.0,-0.0,0.045497,0.0,0.999741,0.0,0.0,0.0227465,1.0,1.0,1,0,0,0,0,0,0
64328029,0.0,-0.0,0.045497,0.0,0.999741,0.0,0.0,0.0227465,1.0,1.0,1,0,0,0,0,0,0
64328029,0.0,-0.0,0.045497,0.0,0.999741,0.0,0.0,0.0227465,1.0,1.0,1,0,0,0,0,0,0
64328029,0.0,-0.0,0.045497,0.0,0.999741,0.0,0.0,0.0227465,1.0,1.0,1,0,0,0,0,0,0
64328029,0.0,-0.0,0.045497,0.0,0.999741,0.0,0.0,0.0227465,1.0,1.0,1,0,0,0,0,0,0
64328029,0.0,-0.0,0.045497,0.0,0.999741,0.0,0.0,0.0227465,1.0,1.0,1,0,0,0,0,0,0
64328029,0.0,-0.0,0.045497,0.0,0.999741,0.0,0.0,0.0227465,1.0,1.0,1,0,0,0,0,0,0
64328029,0.0,-0.0,0.045497,0.0,0.999741,0.0,0.0,0.0227465,1.0,1.0,1,0,0,0,0,0,0
64328029,0.0,-0.0,0.045497,0.0,0.999741,0.0,0.0,0.0227465,1.0,1.0,1,0,0,0,0,0,0
64328029,0.0,-0.0,0.045497,0.0,0.999741,0.0,0.0,0.0227465,1.0,1.0,1,0,0,0,0,0,0
64328029,0.0,-0.0,0.045497,0.0,0.999741,0.0,0.0,0.0227465,1.0,1.0,1,0,0,0,0,0,0
64328029,0.0,-0.0,0.045497,0.0,0.999741,0.0,0.0,0.0227465,1.0,1.0,1,0,0,0,0,0,0
64328029,0.0,-0.0,0.045497,0.0,0.999741,0.0,0.0,0.0227465,1.0,1.0,1,0,0,0,0,0,0
64328029,0.0,-0.0,0.045497,0.0,0.999741,0.0,0.0,0.0227465,1.0,1.0,1,0,0,0,0,0,0
64328029,0.0,-0.0,0.045497,0.0,0.999741,0.0,0.0,0.0227465,1.0,1.0,1,0,0,0,0,0,0
64328029,0.0,-0.0,0.045497,0.0,0.999741,0.0,0.0,0.0227465,1.0,1.0,1,0,0,0,0,0,0
64328029,0.0,-0.0,0.045497,0.0,0.999741,0.0,0.0,0.0227465,1.0,1.0,1,0,0,0,0,0,0
64328029,0.0,-0.0,0.045497,0.0,0.999741,0.0,0.0,0.0227465,1.0,1.0,1,0,0,0,0,0,0
64328029,0.0,-0.0,0.045497,0.0,0.999741,0.0,0.0,0.0227465,1.0,1.0,1,0,0,0,0,0,0
67677025,0.0,-0.0,-1.65211,0.0,0.677783,0.0,-0.0,-0.735262,1.0,1.0,1,0,0,0,0,0,0
67780160,0.0,-0.0,-1.65211,0.0,0.677783,0.0,-0.0,-0.735262,1.0,1.0,1,0,0,0,0,0,0
67879693,0.0,-0.0,-1.65211,0.0,0.677783,0.0,-0.0,-0.735262,1.0,1.0,1,0,0,0,0,0,0
67983038,0.0,-0.0,-1.65211,0.0,0.677783,0.0,-0.0,-0.735262,1.0,1.0,1,0,0,0,0,0,0
68084091,0.0,-0.0,-1.65211,0.0,0.677783,0.0,-0.0,-0.735262,1.0,1.0,1,0,0,0,0,0,0
68184462,0.0,-0.0,-1.65211,0.0,0.677783,0.0,-0.0,-0.735262,1.0,1.0,1,0,0,0,0,0,0
68288415,0.0,-0.0,-1.65211,0.0,0.677783,0.0,-0.0,-0.735262,1.0,1.0,1,0,0,0,0,0,0
68388029,0.0,-0.0,-1.65211,0.0,0.677783,0.0,-0.0,-0.735262,1.0,1.0,1,0,0,0,0,0,0
68488369,0.0,-0.0,-1.65211,0.0,0.677783,0.0,-0.0,-0.735262,1.0,1.0,1,0,0,0,0,0,0
68592456,0.0,-0.0,-1.65211,0.0,0.677783,0.0,-0.0,-0.735262,1.0,1.0,1,0,0,0,0,0,0
68692055,0.0,-0.0,-1.65211,0.0,0.677783,0.0,-0.0,-0.735262,1.0,1.0,1,0,0,0,0,0,0
68792394,0.0,-0.0,-1.65211,0.0,0.677783,0.0,-0.0,-0.735262,1.0,1.0,1,0,0,0,0,0,0
68896506,0.0,-0.0,-1.65211,0.0,0.677783,0.0,-0.0,-0.735262,1.0,1.0,1,0,0,0,0,0,0
68996030,0.0,-0.0,-1.65211,0.0,0.677783,0.0,-0.0,-0.735262,1.0,1.0,1,0,0,0,0,0,0
69096039,0.0,-0.0,-1.65211,0.0,0.677783,0.0,-0.0,-0.735262,1.0,1.0,1,0,0,0,0,0,0
69200183,0.0,-0.0,-1.65211,0.0,0.677783,0.0,-0.0,-0.735262,1.0,1.0,1,0,0,0,0,0,0
69300799,0.0,-0.0,-1.65211,0.0,0.677783,0.0,-0.0,-0.735262,1.0,1.0,1,0,0,0,0,0,0
69404045,0.0,-0.0,-1.65211,0.0,0.677783,0.0,-0.0,-0.735262,1.0,1.0,1,0,0,0,0,0,0
69504442,0.0,-0.0,-1.65211,0.0,0.677783,0.0,-0.0,-0.735262,1.0,1.0,1,0,0,0,0,0,0
69604026,0.0,-0.0,-1.65211,0.0,0.677783,0.0,-0.0,-0.735262,1.0,1.0,1,0,0,0,0,0,0
69709115,0.0,-0.0,-1.65211,0.0,0.677783,0.0,-0.0,-0.735262,1.0,1.0,1,0,0,0,0,0,0
69808154,0.0,-0.0,-1.65211,0.0,0.677783,0.0,-0.0,-0.735262,1.0,1.0,1,0,0,0,0,0,0
69907483,0.0,-0.0,-1.65211,0.0,0.677783,0.0,-0.0,-0.735262,1.0,1.0,1,0,0,0,0,0,0
70011104,0.0,-0.0,-1.65211,0.0,0.677783,0.0,-0.0,-0.735262,1.0,1.0,1,0,0,0,0,0,0
70115047,0.0,-0.0,-1.65211,0.0,0.677783,0.0,-0.0,-0.735262,1.0,1.0,1,0,0,0,0,0,0
70216060,0.0,-0.0,-1.65211,0.0,0.677783,0.0,-0.0,-0.735262,1.0,1.0,1,0,0,0,0,0,0
70316437,0.0,-0.0,-1.65211,0.0,0.677783,0.0,-0.0,-0.735262,1.0,1.0,1,0,0,0,0,0,0
70416059,0.0,-0.0,-1.65211,0.0,0.677783,0.0,-0.0,-0.735262,1.0,1.0,1,0,0,0,0,0,0
70520049,0.0,-0.0,-1.65211,0.0,0.677783,0.0,-0.0,-0.735262,1.0,1.0,1,0,0,0,0,0,0
70620499,0.0,-0.0,-1.65211,0.0,0.677783,0.0,-0.0,-0.735262,1.0,1.0,1,0,0,0,0,0,0
70724027,0.0,-0.0,-1.65211,0.0,0.677783,0.0,-0.0,-0.735262,1.0,1.0,1,0,0,0,0,0,0
70824719,0.0,-0.0,-1.65211,0.0,0.677783,0.0,-0.0,-0.735262,1.0,1.0,1,0,0,0,0,0,0
71128396,0.0,-0.0,-1.65211,0.0,0.677783,0.0,-0.0,-0.735262,1.0,1.0,1,0,0,0,0,0,0
71228025,0.0,-0.0,-1.65211,0.0,0.677783,0.0,-0.0,-0.735262,1.0,1.0,1,0,0,0,0,0,0
71332041,0.0,-0.0,-1.65211,0.0,0.677783,0.0,-0.0,-0.735262,1.0,1.0,1,0,0,0,0,0,0
71432387,0.0,-0.0,-1.65211,0.0,0.677783,0.0,-0.0,-0.735262,1.0,1.0,1,0,0,0,0,0,0
71536378,0.0,-0.0,-1.65211,0.0,0.677783,0.0,-0.0,-0.735262,1.0,1.0,1,0,0,0,0,0,0
71636027,0.0,-0.0,-1.65211,0.0,0.677783,0.0,-0.0,-0.735262,1.0,1.0,1,0,0,0,0,0,0
71736873,0.0,-0.0,-1.65211,0.0,0.677783,0.0,-0.0,-0.735262,1.0,1.0,1,0,0,0,0,0,0
71840837,0.0,-0.0,-1.65211,0.0,0.677783,0.0,-0.0,-0.735262,1.0,1.0,1,0,0,0,0,0,0
71940164,0.0,-0.0,-1.65211,0.0,0.677783,0.0,-0.0,-0.735262,1.0,1.0,1,0,0,0,0,0,0
72039227,0.0,-0.0,-1.65211,0.0,0.677783,0.0,-0.0,-0.735262,1.0,1.0,1,0,0,0,0,0,0
72144532,0.0,-0.0,-1.65211,0.0,0.677783,0.0,-0.0,-0.735262,1.0,1.0,1,0,0,0,0,0,0
72245046,0.0,-0.0,-1.65211,0.0,0.677783,0.0,-0.0,-0.735262,1.0,1.0,1,0,0,0,0,0,0
72344638,0.0,-0.0,-1.65211,0.0,0.677783,0.0,-0.0,-0.735262,1.0,1.0,1,0,0,0,0,0,0
72448661,0.0,-0.0,-1.65211,0.0,0.677783,0.0,-0.0,-0.735262,1.0,1.0,1,0,0,0,0,0,0
72548044,0.0,-0.0,-1.65211,0.0,0.677783,0.0,-0.0,-0.735262,1.0,1.0,1,0,0,0,0,0,0
72652023,0.0,-0.0,-1.65211,0.0,0.677783,0.0,-0.0,-0.735262,1.0,1.0,1,0,0,0,0,0,0
72752654,0.0,-0.0,-1.65211,0.0,0.677783,0.0,-0.0,-0.735262,1.0,1.0,1,0,0,0,0,0,0
72852047,0.0,-0.0,-1.65211,0.0,0.677783,0.0,-0.0,-0.735262,1.0,1.0,1,0,0,0,0,0,0
72956112,0.0,-0.0,-1.65211,0.0,0.677783,0.0,-0.0,-0.735262,1.0,1.0,1,0,0,0,0,0,0
73056750,0.0,-0.0,-1.65211,0.0,0.677783,0.0,-0.0,-0.735262,1.0,1.0,1,0,0,0,0,0,0
73160392,0.0,-0.0,-1.65211,0.0,0.677783,0.0,-0.0,-0.735262,1.0,1.0,1,0,0,0,0,0,0
73260034,0.0,-0.0,-1.65211,0.0,0.677783,0.0,-0.0,-0.735262,1.0,1.0,1,0,0,0,0,0,0
73360398,0.0,-0.0,-1.65211,0.0,0.677783,0.0,-0.0,-0.735262,1.0,1.0,1,0,0,0,0,0,0
73464427,0.0,-0.0,-1.65211,0.0,0.677783,0.0,-0.0,-0.735262,1.0,1.0,1,0,0,0,0,0,0
73565115,0.0,-0.0,-1.65211,0.0,0.677783,0.0,-0.0,-0.735262,1.0,1.0,1,0,0,0,0,0,0
73664408,0.0,-0.0,-1.65211,0.0,0.677783,0.0,-0.0,-0.735262,1.0,1.0,1,0,0,0,0,0,0
73768396,0.0,-0.0,-1.65211,0.0,0.677783,0.0,-0.0,-0.735262,1.0,1.0,1,0,0,0,0,0,0
73807319,0.0,-0.0,-1.65211,0.0,0.677783,0.0,-0.0,-0.735262,1.0,1.0,1,0,0,0,0,0,0
73807319,0.0,-0.0,-1.65211,0.0,0.677783,0.0,-0.0,-0.735262,1.0,1.0,1,0,0,0,0,0,0
73807319,0.0,-0.0,-1.65211,0.0,0.677783,0.0,-0.0,-0.735262,1.0,1.0,1,0,0,0,0,0,0
73807319,0.0,-0.0,-1.65211,0.0,0.677783,0.0,-0.0,-0.735262,1.0,1.0,1,0,0,0,0,0,0
73807319,0.0,-0.0,-1.65211,0.0,0.677783,0.0,-0.0,-0.735262,1.0,1.0,1,0,0,0,0,0,0
73807319,0.0,-0.0,-1.65211,0.0,0.677783,0.0,-0.0,-0.735262,1.0,1.0,1,0,0,0,0,0,0
73807319,0.0,-0.0,-1.65211,0.0,0.677783,0.0,-0.0,-0.735262,1.0,1.0,1,0,0,0,0,0,0
73807319,0.0,-0.0,-1.65211,0.0,0.677783,0.0,-0.0,-0.735262,1.0,1.0,1,0,0,0,0,0,0
73807319,0.0,-0.0,-1.65211,0.0,0.677783,0.0,-0.0,-0.735262,1.0,1.0,1,0,0,0,0,0,0
73807319,0.0,-0.0,-1.65211,0.0,0.677783,0.0,-0.0,-0.735262,1.0,1.0,1,0,0,0,0,0,0
73807319,0.0,-0.0,-1.65211,0.0,0.677783,0.0,-0.0,-0.735262,1.0,1.0,1,0,0,0,0,0,0
73807319,0.0,-0.0,-1.65211,0.0,0.677783,0.0,-0.0,-0.735262,1.0,1.0,1,0,0,0,0,0,0
73807319,0.0,-0.0,-1.65211,0.0,0.677783,0.0,-0.0,-0.735262,1.0,1.0,1,0,0,0,0,0,0
73807319,0.0,-0.0,-1.65211,0.0,0.677783,0.0,-0.0,-0.735262,1.0,1.0,1,0,0,0,0,0,0
73807319,0.0,-0.0,-1.65211,0.0,0.677783,0.0,-0.0,-0.735262,1.0,1.0,1,0,0,0,0,0,0
73807319,0.0,-0.0,-1.65211,0.0,0.677783,0.0,-0.0,-0.735262,1.0,1.0,1,0,0,0,0,0,0
73807319,0.0,-0.0,-1.65211,0.0,0.677783,0.0,-0.0,-0.735262,1.0,1.0,1,0,0,0,0,0,0
73807319,0.0,-0.0,-1.65211,0.0,0.677783,0.0,-0.0,-0.735262,1.0,1.0,1,0,0,0,0,0,0
73807319,0.0,-0.0,-1.65211,0.0,0.677783,0.0,-0.0,-0.735262,1.0,1.0,1,0,0,0,0,0,0
73807319,0.0,-0.0,-1.65211,0.0,0.677783,0.0,-0.0,-0.735262,1.0,1.0,1,0,0,0,0,0,0
75900994,0.0,-0.0,-2.66126,0.0,0.237864,0.0,-0.0,-0.971298,1.0,1.0,1,0,0,0,0,0,0
76000048,0.0,-0.0,-2.66126,0.0,0.237864,0.0,-0.0,-0.971298,1.0,1.0,1,0,0,0,0,0,0
76101077,0.0,-0.0,-2.66126,0.0,0.237864,0.0,-0.0,-0.971298,1.0,1.0,1,0,0,0,0,0,0
76205077,0.0,-0.0,-2.66126,0.0,0.237864,0.0,-0.0,-0.971298,1.0,1.0,1,0,0,0,0,0,0
76302754,0.0,-0.0,-2.66126,0.0,0.237864,0.0,-0.0,-0.971298,1.0,1.0,1,0,0,0,0,0,0
76406792,0.0,-0.0,-2.66126,0.0,0.237864,0.0,-0.0,-0.971298,1.0,1.0,1,0,0,0,0,0,0
76508066,0.0,-0.0,-2.66126,0.0,0.237864,0.0,-0.0,-0.971298,1.0,1.0,1,0,0,0,0,0,0
76608470,0.0,-0.0,-2.66126,0.0,0.237864,0.0,-0.0,-0.971298,1.0,1.0,1,0,0,0,0,0,0
76712680,0.0,-0.0,-2.66126,0.0,0.237864,0.0,-0.0,-0.971298,1.0,1.0,1,0,0,0,0,0,0
76812138,0.0,-0.0,-2.66126,0.0,0.237864,0.0,-0.0,-0.971298,1.0,1.0,1,0,0,0,0,0,0
76912449,0.0,-0.0,-2.66126,0.0,0.237864,0.0,-0.0,-0.971298,1.0,1.0,1,0,0,0,0,0,0
77016754,0.0,-0.0,-2.66126,0.0,0.237864,0.0,-0.0,-0.971298,1.0,1.0,1,0,0,0,0,0,0
77117061,0.0,-0.0,-2.66126,0.0,0.237864,0.0,-0.0,-0.971298,1.0,1.0,1,0,0,0,0,0,0
77216707,0.0,-0.0,-2.66126,0.0,0.237864,0.0,-0.0,-0.971298,1.0,1.0,1,0,0,0,0,0,0
77320200,0.0,-0.0,-2.66126,0.0,0.237864,0.0,-0.0,-0.971298,1.0,1.0,1,0,0,0,0,0,0
77343323,0.0,-0.0,-2.66126,0.0,0.237864,0.0,-0.0,-0.971298,1.0,1.0,1,0,0,0,0,0,0
77343323,0.0,-0.0,-2.66126,0.0,0.237864,0.0,-0.0,-0.971298,1.0,1.0,1,0,0,0,0,0,0
77343323,0.0,-0.0,-2.66126,0.0,0.237864,0.0,-0.0,-0.971298,1.0,1.0,1,0,0,0,0,0,0
77343323,0.0,-0.0,-2.66126,0.0,0.237864,0.0,-0.0,-0.971298,1.0,1.0,1,0,0,0,0,0,0
77343323,0.0,-0.0,-2.66126,0.0,0.237864,0.0,-0.0,-0.971298,1.0,1.0,1,0,0,0,0,0,0
77343323,0.0,-0.0,-2.66126,0.0,0.237864,0.0,-0.0,-0.971298,1.0,1.0,1,0,0,0,0,0,0
77343323,0.0,-0.0,-2.66126,0.0,0.237864,0.0,-0.0,-0.971298,1.0,1.0,1,0,0,0,0,0,0
77343323,0.0,-0.0,-2.66126,0.0,0.237864,0.0,-0.0,-0.971298,1.0,1.0,1,0,0,0,0,0,0
77343323,0.0,-0.0,-2.66126,0.0,0.237864,0.0,-0.0,-0.971298,1.0,1.0,1,0,0,0,0,0,0
77343323,0.0,-0.0,-2.66126,0.0,0.237864,0.0,-0.0,-0.971298,1.0,1.0,1,0,0,0,0,0,0
77343323,0.0,-0.0,-2.66126,0.0,0.237864,0.0,-0.0,-0.971298,1.0,1.0,1,0,0,0,0,0,0
77343323,0.0,-0.0,-2.66126,0.0,0.237864,0.0,-0.0,-0.971298,1.0,1.0,1,0,0,0,0,0,0
77343323,0.0,-0.0,-2.66126,0.0,0.237864,0.0,-0.0,-0.971298,1.0,1.0,1,0,0,0,0,0,0
77343323,0.0,-0.0,-2.66126,0.0,0.237864,0.0,-0.0,-0.971298,1.0,1.0,1,0,0,0,0,0,0
77343323,0.0,-0.0,-2.66126,0.0,0.237864,0.0,-0.0,-0.971298,1.0,1.0,1,0,0,0,0,0,0
77343323,0.0,-0.0,-2.66126,0.0,0.237864,0.0,-0.0,-0.971298,1.0,1.0,1,0,0,0,0,0,0
77343323,0.0,-0.0,-2.66126,0.0,0.237864,0.0,-0.0,-0.971298,1.0,1.0,1,0,0,0,0,0,0
77343323,0.0,-0.0,-2.66126,0.0,0.237864,0.0,-0.0,-0.971298,1.0,1.0,1,0,0,0,0,0,0
77343323,0.0,-0.0,-2.66126,0.0,0.237864,0.0,-0.0,-0.971298,1.0,1.0,1,0,0,0,0,0,0
77343323,0.0,-0.0,-2.66126,0.0,0.237864,0.0,-0.0,-0.971298,1.0,1.0,1,0,0,0,0,0,0
77343323,0.0,-0.0,-2.66126,0.0,0.237864,0.0,-0.0,-0.971298,1.0,1.0,1,0,0,0,0,0,0
77343323,0.0,-0.0,-2.66126,0.0,0.237864,0.0,-0.0,-0.971298,1.0,1.0,1,0,0,0,0,0,0
77343323,0.0,-0.0,-2.66126,0.0,0.237864,0.0,-0.0,-0.971298,1.0,1.0,1,0,0,0,0,0,0
77343323,0.0,-0.0,-2.66126,0.0,0.237864,0.0,-0.0,-0.971298,1.0,1.0,1,0,0,0,0,0,0
77343323,0.0,-0.0,-2.66126,0.0,0.237864,0.0,-0.0,-0.971298,1.0,1.0,1,0,0,0,0,0,0
77343323,0.0,-0.0,-2.66126,0.0,0.237864,0.0,-0.0,-0.971298,1.0,1.0,1,0,0,0,0,0,0
77343323,0.0,-0.0,-2.66126,0.0,0.237864,0.0,-0.0,-0.971298,1.0,1.0,1,0,0,0,0,0,0
77343323,0.0,-0.0,-2.66126,0.0,0.237864,0.0,-0.0,-0.971298,1.0,1.0,1,0,0,0,0,0,0
77343323,0.0,-0.0,-2.66126,0.0,0.237864,0.0,-0.0,-0.971298,1.0,1.0,1,0,0,0,0,0,0
80364173,0.0,-0.0,-2.13304,0.0,0.483175,0.0,-0.0,-0.875524,1.0,1.0,1,0,0,0,0,0,0
80468190,0.0,-0.0,-2.13304,0.0,0.483175,0.0,-0.0,-0.875524,1.0,1.0,1,0,0,0,0,0,0
80566888,0.0,-0.0,-2.13304,0.0,0.483175,0.0,-0.0,-0.875524,1.0,1.0,1,0,0,0,0,0,0
80668433,0.0,-0.0,-2.13304,0.0,0.483175,0.0,-0.0,-0.875524,1.0,1.0,1,0,0,0,0,0,0
80772473,0.0,-0.0,-2.13304,0.0,0.483175,0.0,-0.0,-0.875524,1.0,1.0,1,0,0,0,0,0,0
80872031,0.0,-0.0,-2.13304,0.0,0.483175,0.0,-0.0,-0.875524,1.0,1.0,1,0,0,0,0,0,0
80972452,0.0,-0.0,-2.13304,0.0,0.483175,0.0,-0.0,-0.875524,1.0,1.0,1,0,0,0,0,0,0
81076371,0.0,-0.0,-2.13304,0.0,0.483175,0.0,-0.0,-0.875524,1.0,1.0,1,0,0,0,0,0,0
81176031,-0.00781247,-0.0,-2.13304,0.0,0.483172,-0.00188739,0.00341999,-0.875517,1.0,1.0,1,0,0,0,0,0,0
81280045,0.000546137,-0.0,-2.13304,0.0,0.483175,0.00013194,-0.000239078,-0.875524,1.0,1.0,1,0,0,0,0,0,0
81380378,0.025728,-0.0,-2.13304,0.0,0.483135,0.00621539,-0.0112624,-0.875451,1.0,1.0,1,0,0,0,0,0,0
81480077,0.363806,-0.0,-2.13304,0.0,0.475204,0.0874071,-0.158383,-0.861079,1.0,1.0,1,0,0,0,0,0,0
81584055,0.601656,-0.0,-2.13304,0.0,0.461477,0.14317,-0.259427,-0.836205,1.0,1.0,1,0,0,0,0,0,0
81684532,0.61064,-0.0,-2.13304,0.0,0.460829,0.145242,-0.263181,-0.835031,1.0,1.0,1,0,0,0,0,0,0
81784250,0.610865,-0.0,-2.13304,0.0,0.460813,0.145294,-0.263275,-0.835002,1.0,1.0,1,0,0,0,0,0,0
81888043,0.610865,-0.0,-2.13304,0.0,0.460813,0.145294,-0.263275,-0.835002,1.0,1.0,1,0,0,0,0,0,0
81988039,0.610865,-0.0,-2.13304,0.0,0.460813,0.145294,-0.263275,-0.835002,1.0,1.0,1,0,0,0,0,0,0
82092040,0.610865,-0.0,-2.13304,0.0,0.460813,0.145294,-0.263275,-0.835002,1.0,1.0,1,0,0,0,0,0,0
82595316,0.610865,-0.0,-2.13304,0.0,0.460813,0.145294,-0.263275,-0.835002,1.0,1.0,1,0,0,0,0,0,0
82698719,0.610865,-0.0,-2.13304,0.0,0.460813,0.145294,-0.263275,-0.835002,1.0,1.0,1,0,0,0,0,0,0
82768392,0.610865,-0.0,-2.13304,0.0,0.460813,0.145294,-0.263275,-0.835002,1.0,1.0,1,0,0,0,0,0,0
82768392,0.610865,-0.0,-2.13304,0.0,0.460813,0.145294,-0.263275,-0.835002,1.0,1.0,1,0,0,0,0,0,0
82768392,0.610865,-0.0,-2.13304,0.0,0.460813,0.145294,-0.263275,-0.835002,1.0,1.0,1,0,0,0,0,0,0
82768392,0.610865,-0.0,-2.13304,0.0,0.460813,0.145294,-0.263275,-0.835002,1.0,1.0,1,0,0,0,0,0,0
82768392,0.610865,-0.0,-2.13304,0.0,0.460813,0.145294,-0.263275,-0.835002,1.0,1.0,1,0,0,0,0,0,0
82768392,0.610865,-0.0,-2.13304,0.0,0.460813,0.145294,-0.263275,-0.835002,1.0,1.0,1,0,0,0,0,0,0
82768392,0.610865,-0.0,-2.13304,0.0,0.460813,0.145294,-0.263275,-0.835002,1.0,1.0,1,0,0,0,0,0,0
82768392,0.610865,-0.0,-2.13304,0.0,0.460813,0.145294,-0.263275,-0.835002,1.0,1.0,1,0,0,0,0,0,0
82768392,0.610865,-0.0,-2.13304,0.0,0.460813,0.145294,-0.263275,-0.835002,1.0,1.0,1,0,0,0,0,0,0
82768392,0.610865,-0.0,-2.13304,0.0,0.460813,0.145294,-0.263275,-0.835002,1.0,1.0,1,0,0,0,0,0,0
82768392,0.610865,-0.0,-2.13304,0.0,0.460813,0.145294,-0.263275,-0.835002,1.0,1.0,1,0,0,0,0,0,0
82768392,0.610865,-0.0,-2.13304,0.0,0.460813,0.145294,-0.263275,-0.835002,1.0,1.0,1,0,0,0,0,0,0
82768392,0.610865,-0.0,-2.13304,0.0,0.460813,0.145294,-0.263275,-0.835002,1.0,1.0,1,0,0,0,0,0,0
82768392,0.610865,-0.0,-2.13304,0.0,0.460813,0.145294,-0.263275,-0.835002,1.0,1.0,1,0,0,0,0,0,0
82768392,0.610865,-0.0,-2.13304,0.0,0.460813,0.145294,-0.263275,-0.835002,1.0,1.0,1,0,0,0,0,0,0
82768392,0.610865,-0.0,-2.13304,0.0,0.460813,0.145294,-0.263275,-0.835002,1.0,1.0,1,0,0,0,0,0,0
82768392,0.610865,-0.0,-2.13304,0.0,0.460813,0.145294,-0.263275,-0.835002,1.0,1.0,1,0,0,0,0,0,0
82768392,0.610865,-0.0,-2.13304,0.0,0.460813,0.145294,-0.263275,-0.835002,1.0,1.0,1,0,0,0,0,0,0
82768392,0.610865,-0.0,-2.13304,0.0,0.460813,0.145294,-0.263275,-0.835002,1.0,1.0,1,0,0,0,0,0,0
82768392,0.610865,-0.0,-2.13304,0.0,0.460813,0.145294,-0.263275,-0.835002,1.0,1.0,1,0,0,0,0,0,0
82768392,0.610865,-0.0,-2.13304,0.0,0.460813,0.145294,-0.263275,-0.835002,1.0,1.0,1,0,0,0,0,0,0
82768392,0.610865,-0.0,-2.13304,0.0,0.460813,0.145294,-0.263275,-0.835002,1.0,1.0,1,0,0,0,0,0,0
82768392,0.610865,-0.0,-2.13304,0.0,0.460813,0.145294,-0.263275,-0.835002,1.0,1.0,1,0,0,0,0,0,0
82768392,0.610865,-0.0,-2.13304,0.0,0.460813,0.145294,-0.263275,-0.835002,1.0,1.0,1,0,0,0,0,0,0
82768392,0.610865,-0.0,-2.13304,0.0,0.460813,0.145294,-0.263275,-0.835002,1.0,1.0,1,0,0,0,0,0,0
82768392,0.610865,-0.0,-2.13304,0.0,0.460813,0.145294,-0.263275,-0.835002,1.0,1.0,1,0,0,0,0,0,0
82768392,0.610865,-0.0,-2.13304,0.0,0.460813,0.145294,-0.263275,-0.835002,1.0,1.0,1,0,0,0,0,0,0
82768392,0.610865,-0.0,-2.13304,0.0,0.460813,0.145294,-0.263275,-0.835002,1.0,1.0,1,0,0,0,0,0,0
82768392,0.610865,-0.0,-2.13304,0.0,0.460813,0.145294,-0.263275,-0.835002,1.0,1.0,1,0,0,0,0,0,0
85745457,0.610865,8.52535e-10,-2.23035,0.0,0.419655,0.132317,-0.27003,-0.856426,1.0,1.0,1,0,0,0,0,0,0
85845042,0.610865,4.45397e-11,-2.23035,0.0,0.419655,0.132317,-0.27003,-0.856426,1.0,1.0,1,0,0,0,0,0,0
85948394,0.610865,1.30571e-12,-2.23035,0.0,0.419655,0.132317,-0.27003,-0.856426,1.0,1.0,1,0,0,0,0,0,0
86048735,0.610865,-8.06584e-14,-2.23035,0.0,0.419655,0.132317,-0.27003,-0.856426,1.0,1.0,1,0,0,0,0,0,0
86152431,0.610865,-1.50016e-15,-2.23035,0.0,0.419655,0.132317,-0.27003,-0.856426,1.0,1.0,1,0,0,0,0,0,0
86252396,0.610865,1.67112e-17,-2.23035,0.0,0.419655,0.132317,-0.27003,-0.856426,1.0,1.0,1,0,0,0,0,0,0
86352021,0.610865,7.56287e-19,-2.23035,0.0,0.419655,0.132317,-0.27003,-0.856426,1.0,1.0,1,0,0,0,0,0,0
86456328,0.610865,1.95597e-20,-2.23035,0.0,0.419655,0.132317,-0.27003,-0.856426,1.0,1.0,1,0,0,0,0,0,0
86557068,0.50975,-2.53958e-23,-2.23035,0.0,0.425805,0.11094,-0.226405,-0.868978,1.0,1.0,1,0,0,0,0,0,0
86654763,-0.0340739,-2.57048e-23,-2.23035,0.0,0.439957,-0.00749624,0.0152982,-0.897857,1.0,1.0,1,0,0,0,0,0,0
86758639,0.00458349,-3.17783e-25,-2.23035,0.0,0.440019,0.00100841,-0.00205796,-0.897985,1.0,1.0,1,0,0,0,0,0,0
86860251,0.000555136,1.36156e-26,-2.23035,0.0,0.44002,0.000122136,-0.000249253,-0.897988,1.0,1.0,1,0,0,0,0,0,0
86964725,5.40876e-06,2.88513e-28,-2.23035,0.0,0.44002,1.18998e-06,-2.4285e-06,-0.897988,1.0,1.0,1,0,0,0,0,0,0
87065131,-6.58036e-09,4.25429e-30,-2.23035,0.0,0.44002,-1.44775e-09,2.95454e-09,-0.897988,1.0,1.0,1,0,0,0,0,0,0
87165038,-6.65952e-09,-1.1723e-31,-2.23035,0.0,0.44002,-1.46516e-09,2.99008e-09,-0.897988,1.0,1.0,1,0,0,0,0,0,0
87268039,-0.186165,0.00249424,-2.23058,0.0,0.438115,-0.0397743,0.0840174,-0.8941,1.0,1.0,1,0,0,0,0,0,0
87368402,-0.462473,0.0743628,-2.24787,0.0,0.428029,-0.0663392,0.222171,-0.873516,1.0,1.0,1,0,0,0,0,0,0
87468034,-0.60357,0.057469,-2.24824,0.0,0.419978,-0.103598,0.279803,-0.857086,1.0,1.0,1,0,0,0,0,0,0
87572122,-0.604971,0.0551642,-2.24757,0.0,0.419899,-0.104983,0.279902,-0.856924,1.0,1.0,1,0,0,0,0,0,0
87672414,-0.604858,0.0533681,-2.247,0.0,0.419915,-0.105814,0.279459,-0.856958,1.0,1.0,1,0,0,0,0,0,0
87776382,-0.605218,0.0586016,-2.24865,0.0,0.419864,-0.103398,0.280759,-0.856853,1.0,1.0,1,0,0,0,0,0,0
87876041,-0.605801,0.0671586,-2.25135,0.0,0.419775,-0.0994401,0.282869,-0.856671,1.0,1.0,1,0,0,0,0,0,0
87976043,-0.605953,0.0742678,-2.25358,0.0,0.419717,-0.0960785,0.284468,-0.856554,1.0,1.0,1,0,0,0,0,0,0
88080046,-0.605516,0.0791551,-2.25509,0.0,0.419711,-0.0936544,0.285327,-0.85654,1.0,1.0,1,0,0,0,0,0,0
88180415,-0.606172,0.0799236,-2.25536,0.0,0.419662,-0.0934206,0.285774,-0.85644,1.0,1.0,1,0,0,0,0,0,0
88228373,-0.605789,0.0770604,-2.25444,0.0,0.419708,-0.094711,0.284996,-0.856535,1.0,1.0,1,0,0,0,0,0,0
88228373,-0.605789,0.0770604,-2.25444,0.0,0.419708,-0.094711,0.284996,-0.856535,1.0,1.0,1,0,0,0,0,0,0
88228373,-0.605789,0.0770604,-2.25444,0.0,0.419708,-0.094711,0.284996,-0.856535,1.0,1.0,1,0,0,0,0,0,0
88228373,-0.605789,0.0770604,-2.25444,0.0,0.419708,-0.094711,0.284996,-0.856535,1.0,1.0,1,0,0,0,0,0,0
88228373,-0.605789,0.0770604,-2.25444,0.0,0.419708,-0.094711,0.284996,-0.856535,1.0,1.0,1,0,0,0,0,0,0
88228373,-0.605789,0.0770604,-2.25444,0.0,0.419708,-0.094711,0.284996,-0.856535,1.0,1.0,1,0,0,0,0,0,0
88228373,-0.605789,0.0770604,-2.25444,0.0,0.419708,-0.094711,0.284996,-0.856535,1.0,1.0,1,0,0,0,0,0,0
88228373,-0.605789,0.0770604,-2.25444,0.0,0.419708,-0.094711,0.284996,-0.856535,1.0,1.0,1,0,0,0,0,0,0
88228373,-0.605789,0.0770604,-2.25444,0.0,0.419708,-0.094711,0.284996,-0.856535,1.0,1.0,1,0,0,0,0,0,0
88228373,-0.605789,0.0770604,-2.25444,0.0,0.419708,-0.094711,0.284996,-0.856535,1.0,1.0,1,0,0,0,0,0,0
88228373,-0.605789,0.0770604,-2.25444,0.0,0.419708,-0.094711,0.284996,-0.856535,1.0,1.0,1,0,0,0,0,0,0
88228373,-0.605789,0.0770604,-2.25444,0.0,0.419708,-0.094711,0.284996,-0.856535,1.0,1.0,1,0,0,0,0,0,0
88228373,-0.605789,0.0770604,-2.25444,0.0,0.419708,-0.094711,0.284996,-0.856535,1.0,1.0,1,0,0,0,0,0,0
88228373,-0.605789,0.0770604,-2.25444,0.0,0.419708,-0.094711,0.284996,-0.856535,1.0,1.0,1,0,0,0,0,0,0
88228373,-0.605789,0.0770604,-2.25444,0.0,0.419708,-0.094711,0.284996,-0.856535,1.0,1.0,1,0,0,0,0,0,0
88228373,-0.605789,0.0770604,-2.25444,0.0,0.419708,-0.094711,0.284996,-0.856535,1.0,1.0,1,0,0,0,0,0,0
88228373,-0.605789,0.0770604,-2.25444,0.0,0.419708,-0.094711,0.284996,-0.856535,1.0,1.0,1,0,0,0,0,0,0
88228373,-0.605789,0.0770604,-2.25444,0.0,0.419708,-0.094711,0.284996,-0.856535,1.0,1.0,1,0,0,0,0,0,0
88228373,-0.605789,0.0770604,-2.25444,0.0,0.419708,-0.094711,0.284996,-0.856535,1.0,1.0,1,0,0,0,0,0,0
88228373,-0.605789,0.0770604,-2.25444,0.0,0.419708,-0.094711,0.284996,-0.856535,1.0,1.0,1,0,0,0,0,0,0
88228373,-0.605789,0.0770604,-2.25444,0.0,0.419708,-0.094711,0.284996,-0.856535,1.0,1.0,1,0,0,0,0,0,0
88228373,-0.605789,0.0770604,-2.25444,0.0,0.419708,-0.094711,0.284996,-0.856535,1.0,1.0,1,0,0,0,0,0,0
88228373,-0.605789,0.0770604,-2.25444,0.0,0.419708,-0.094711,0.284996,-0.856535,1.0,1.0,1,0,0,0,0,0,0
88228373,-0.605789,0.0770604,-2.25444,0.0,0.419708,-0.094711,0.284996,-0.856535,1.0,1.0,1,0,0,0,0,0,0
88228373,-0.605789,0.0770604,-2.25444,0.0,0.419708,-0.094711,0.284996,-0.856535,1.0,1.0,1,0,0,0,0,0,0
88228373,-0.605789,0.0770604,-2.25444,0.0,0.419708,-0.094711,0.284996,-0.856535,1.0,1.0,1,0,0,0,0,0,0
88228373,-0.605789,0.0770604,-2.25444,0.0,0.419708,-0.094711,0.284996,-0.856535,1.0,1.0,1,0,0,0,0,0,0
88228373,-0.605789,0.0770604,-2.25444,0.0,0.419708,-0.094711,0.284996,-0.856535,1.0,1.0,1,0,0,0,0,0,0
91124442,0.0,-0.0,-3.0084,0.0,0.0665449,0.0,-0.0,-0.997783,1.0,1.0,1,0,0,0,0,0,0
91225064,0.0,-0.0,-3.0084,0.0,0.0665449,0.0,-0.0,-0.997783,1.0,1.0,1,0,0,0,0,0,0
91328033,0.0,-0.0,-3.0084,0.0,0.0665449,0.0,-0.0,-0.997783,1.0,1.0,1,0,0,0,0,0,0
91429434,0.0,-0.0,-3.0084,0.0,0.0665449,0.0,-0.0,-0.997783,1.0,1.0,1,0,0,0,0,0,0
91529052,0.0,-0.0,-3.0084,0.0,0.0665449,0.0,-0.0,-0.997783,1.0,1.0,1,0,0,0,0,0,0
91633069,0.0,-0.0,-3.0084,0.0,0.0665449,0.0,-0.0,-0.997783,1.0,1.0,1,0,0,0,0,0,0
91732027,0.0,-0.0,-3.0084,0.0,0.0665449,0.0,-0.0,-0.997783,1.0,1.0,1,0,0,0,0,0,0
91836817,0.0,-0.0,-3.0084,0.0,0.0665449,0.0,-0.0,-0.997783,1.0,1.0,1,0,0,0,0,0,0
91936061,0.0,-0.0,-3.0084,0.0,0.0665449,0.0,-0.0,-0.997783,1.0,1.0,1,0,0,0,0,0,0
92036046,0.0,-0.0,-3.0084,0.0,0.0665449,0.0,-0.0,-0.997783,1.0,1.0,1,0,0,0,0,0,0
92140025,0.0,-0.0,-3.0084,0.0,0.0665449,0.0,-0.0,-0.997783,1.0,1.0,1,0,0,0,0,0,0
92240650,0.0,-0.0,-3.0084,0.0,0.0665449,0.0,-0.0,-0.997783,1.0,1.0,1,0,0,0,0,0,0
92340606,0.0,-0.0,-3.0084,0.0,0.0665449,0.0,-0.0,-0.997783,1.0,1.0,1,0,0,0,0,0,0
92444717,0.0,-0.0,-3.0084,0.0,0.0665449,0.0,-0.0,-0.997783,1.0,1.0,1,0,0,0,0,0,0
92544015,0.0,-0.0,-3.0084,0.0,0.0665449,0.0,-0.0,-0.997783,1.0,1.0,1,0,0,0,0,0,0
92644852,0.0,-0.0,-3.0084,0.0,0.0665449,0.0,-0.0,-0.997783,1.0,1.0,1,0,0,0,0,0,0
92748091,0.0,-0.0,-3.0084,0.0,0.0665449,0.0,-0.0,-0.997783,1.0,1.0,1,0,0,0,0,0,0
92849773,0.0,-0.0,-3.0084,0.0,0.0665449,0.0,-0.0,-0.997783,1.0,1.0,1,0,0,0,0,0,0
92953014,0.0,-0.0,-3.0084,0.0,0.0665449,0.0,-0.0,-0.997783,1.0,1.0,1,0,0,0,0,0,0
93051073,0.0,-0.0,-3.0084,0.0,0.0665449,0.0,-0.0,-0.997783,1.0,1.0,1,0,0,0,0,0,0
93154713,0.0,-0.0,-3.0084,0.0,0.0665449,0.0,-0.0,-0.997783,1.0,1.0,1,0,0,0,0,0,0
93256400,0.0,-0.0,-3.0084,0.0,0.0665449,0.0,-0.0,-0.997783,1.0,1.0,1,0,0,0,0,0,0
93356024,0.0,-0.0,-3.0084,0.0,0.0665449,0.0,-0.0,-0.997783,1.0,1.0,1,0,0,0,0,0,0
93460037,0.0,-0.0,-3.0084,0.0,0.0665449,0.0,-0.0,-0.997783,1.0,1.0,1,0,0,0,0,0,0
93560410,0.0,-0.0,-3.0084,0.0,0.0665449,0.0,-0.0,-0.997783,1.0,1.0,1,0,0,0,0,0,0
93660041,0.0,-0.0,-3.0084,0.0,0.0665449,0.0,-0.0,-0.997783,1.0,1.0,1,0,0,0,0,0,0
93764011,0.0,-0.0,-3.0084,0.0,0.0665449,0.0,-0.0,-0.997783,1.0,1.0,1,0,0,0,0,0,0
93864026,0.0,-0.0,-3.0084,0.0,0.0665449,0.0,-0.0,-0.997783,1.0,1.0,1,0,0,0,0,0,0
93964889,0.0,-0.0,-3.0084,0.0,0.0665449,0.0,-0.0,-0.997783,1.0,1.0,1,0,0,0,0,0,0
94068435,0.0,-0.0,-3.0084,0.0,0.0665449,0.0,-0.0,-0.997783,1.0,1.0,1,0,0,0,0,0,0
94168034,0.0,-0.0,-3.0084,0.0,0.0665449,0.0,-0.0,-0.997783,1.0,1.0,1,0,0,0,0,0,0
94272099,0.0,-0.0,-3.0084,0.0,0.0665449,0.0,-0.0,-0.997783,1.0,1.0,1,0,0,0,0,0,0
94372368,0.0,-0.0,-3.0084,0.0,0.0665449,0.0,-0.0,-0.997783,1.0,1.0,1,0,0,0,0,0,0
94380791,0.0,-0.0,-3.0084,0.0,0.0665449,0.0,-0.0,-0.997783,1.0,1.0,1,0,0,0,0,0,0
94380791,0.0,-0.0,-3.0084,0.0,0.0665449,0.0,-0.0,-0.997783,1.0,1.0,1,0,0,0,0,0,0
94380791,0.0,-0.0,-3.0084,0.0,0.0665449,0.0,-0.0,-0.997783,1.0,1.0,1,0,0,0,0,0,0
94380791,0.0,-0.0,-3.0084,0.0,0.0665449,0.0,-0.0,-0.997783,1.0,1.0,1,0,0,0,0,0,0
94380791,0.0,-0.0,-3.0084,0.0,0.0665449,0.0,-0.0,-0.997783,1.0,1.0,1,0,0,0,0,0,0
94380791,0.0,-0.0,-3.0084,0.0,0.0665449,0.0,-0.0,-0.997783,1.0,1.0,1,0,0,0,0,0,0
94380791,0.0,-0.0,-3.0084,0.0,0.0665449,0.0,-0.0,-0.997783,1.0,1.0,1,0,0,0,0,0,0
94380791,0.0,-0.0,-3.0084,0.0,0.0665449,0.0,-0.0,-0.997783,1.0,1.0,1,0,0,0,0,0,0
94380791,0.0,-0.0,-3.0084,0.0,0.0665449,0.0,-0.0,-0.997783,1.0,1.0,1,0,0,0,0,0,0
94380791,0.0,-0.0,-3.0084,0.0,0.0665449,0.0,-0.0,-0.997783,1.0,1.0,1,0,0,0,0,0,0
94380791,0.0,-0.0,-3.0084,0.0,0.0665449,0.0,-0.0,-0.997783,1.0,1.0,1,0,0,0,0,0,0
94380791,0.0,-0.0,-3.0084,0.0,0.0665449,0.0,-0.0,-0.997783,1.0,1.0,1,0,0,0,0,0,0
94380791,0.0,-0.0,-3.0084,0.0,0.0665449,0.0,-0.0,-0.997783,1.0,1.0,1,0,0,0,0,0,0
94380791,0.0,-0.0,-3.0084,0.0,0.0665449,0.0,-0.0,-0.997783,1.0,1.0,1,0,0,0,0,0,0
94380791,0.0,-0.0,-3.0084,0.0,0.0665449,0.0,-0.0,-0.997783,1.0,1.0,1,0,0,0,0,0,0
94380791,0.0,-0.0,-3.0084,0.0,0.0665449,0.0,-0.0,-0.997783,1.0,1.0,1,0,0,0,0,0,0
94380791,0.0,-0.0,-3.0084,0.0,0.0665449,0.0,-0.0,-0.997783,1.0,1.0,1,0,0,0,0,0,0
94380791,0.0,-0.0,-3.0084,0.0,0.0665449,0.0,-0.0,-0.997783,1.0,1.0,1,0,0,0,0,0,0
94380791,0.0,-0.0,-3.0084,0.0,0.0665449,0.0,-0.0,-0.997783,1.0,1.0,1,0,0,0,0,0,0
94380791,0.0,-0.0,-3.0084,0.0,0.0665449,0.0,-0.0,-0.997783,1.0,1.0,1,0,0,0,0,0,0
94380791,0.0,-0.0,-3.0084,0.0,0.0665449,0.0,-0.0,-0.997783,1.0,1.0,1,0,0,0,0,0,0
94380791,0.0,-0.0,-3.0084,0.0,0.0665449,0.0,-0.0,-0.997783,1.0,1.0,1,0,0,0,0,0,0
94380791,0.0,-0.0,-3.0084,0.0,0.0665449,0.0,-0.0,-0.997783,1.0,1.0,1,0,0,0,0,0,0
94380791,0.0,-0.0,-3.0084,0.0,0.0665449,0.0,-0.0,-0.997783,1.0,1.0,1,0,0,0,0,0,0
94380791,0.0,-0.0,-3.0084,0.0,0.0665449,0.0,-0.0,-0.997783,1.0,1.0,1,0,0,0,0,0,0
94380791,0.0,-0.0,-3.0084,0.0,0.0665449,0.0,-0.0,-0.997783,1.0,1.0,1,0,0,0,0,0,0
94380791,0.0,-0.0,-3.0084,0.0,0.0665449,0.0,-0.0,-0.997783,1.0,1.0,1,0,0,0,0,0,0
97220967,0.0,-0.0,-3.06271,0.0,0.0394292,0.0,-0.0,-0.999222,1.0,1.0,1,0,0,0,0,0,0
97324983,0.0,-0.0,-3.06271,0.0,0.0394292,0.0,-0.0,-0.999222,1.0,1.0,1,0,0,0,0,0,0
97424220,0.0,-0.0,-3.06271,0.0,0.0394292,0.0,-0.0,-0.999222,1.0,1.0,1,0,0,0,0,0,0
97523190,0.0,-0.0,-3.06271,0.0,0.0394292,0.0,-0.0,-0.999222,1.0,1.0,1,0,0,0,0,0,0
97627473,0.0,-0.0,-3.06271,0.0,0.0394292,0.0,-0.0,-0.999222,1.0,1.0,1,0,0,0,0,0,0
97729112,0.0,-0.0,-3.06271,0.0,0.0394292,0.0,-0.0,-0.999222,1.0,1.0,1,0,0,0,0,0,0
97828389,0.0,-0.0,-3.06271,0.0,0.0394292,0.0,-0.0,-0.999222,1.0,1.0,1,0,0,0,0,0,0
97932624,0.0,-0.0,-3.06271,0.0,0.0394292,0.0,-0.0,-0.999222,1.0,1.0,1,0,0,0,0,0,0
98032214,0.0,-0.0,-3.06271,0.0,0.0394292,0.0,-0.0,-0.999222,1.0,1.0,1,0,0,0,0,0,0
98136048,0.0,-0.0,-3.06271,0.0,0.0394292,0.0,-0.0,-0.999222,1.0,1.0,1,0,0,0,0,0,0
98236375,0.0,-0.0,-3.06271,0.0,0.0394292,0.0,-0.0,-0.999222,1.0,1.0,1,0,0,0,0,0,0
98336647,0.0,-0.0,-3.06271,0.0,0.0394292,0.0,-0.0,-0.999222,1.0,1.0,1,0,0,0,0,0,0
98440041,0.0,-0.0,-3.06271,0.0,0.0394292,0.0,-0.0,-0.999222,1.0,1.0,1,0,0,0,0,0,0
98541935,0.0,-0.0,-3.06271,0.0,0.0394292,0.0,-0.0,-0.999222,1.0,1.0,1,0,0,0,0,0,0
98640713,0.0,-0.0,-3.06271,0.0,0.0394292,0.0,-0.0,-0.999222,1.0,1.0,1,0,0,0,0,0,0
98745068,0.0,-0.0,-3.06271,0.0,0.0394292,0.0,-0.0,-0.999222,1.0,1.0,1,0,0,0,0,0,0
98846679,0.0,-0.0,-3.06271,0.0,0.0394292,0.0,-0.0,-0.999222,1.0,1.0,1,0,0,0,0,0,0
98945045,0.0,-0.0,-3.06271,0.0,0.0394292,0.0,-0.0,-0.999222,1.0,1.0,1,0,0,0,0,0,0
99049104,0.0,-0.0,-3.06271,0.0,0.0394292,0.0,-0.0,-0.999222,1.0,1.0,1,0,0,0,0,0,0
99148455,0.0,-0.0,-3.06271,0.0,0.0394292,0.0,-0.0,-0.999222,1.0,1.0,1,0,0,0,0,0,0
99252715,0.0,-0.0,-3.06271,0.0,0.0394292,0.0,-0.0,-0.999222,1.0,1.0,1,0,0,0,0,0,0
99353104,0.0,-0.0,-3.06271,0.0,0.0394292,0.0,-0.0,-0.999222,1.0,1.0,1,0,0,0,0,0,0
99453251,0.0,-0.0,-3.06271,0.0,0.0394292,0.0,-0.0,-0.999222,1.0,1.0,1,0,0,0,0,0,0
99558246,0.0,-0.0,-3.06271,0.0,0.0394292,0.0,-0.0,-0.999222,1.0,1.0,1,0,0,0,0,0,0
99661073,0.0,-0.0,-3.06271,0.0,0.0394292,0.0,-0.0,-0.999222,1.0,1.0,1,0,0,0,0,0,0
99758927,0.0,-0.0,-3.06271,0.0,0.0394292,0.0,-0.0,-0.999222,1.0,1.0,1,0,0,0,0,0,0
99862745,0.0,-0.0,-3.06271,0.0,0.0394292,0.0,-0.0,-0.999222,1.0,1.0,1,0,0,0,0,0,0
99965125,0.0,-0.0,-3.06271,0.0,0.0394292,0.0,-0.0,-0.999222,1.0,1.0,1,0,0,0,0,0,0
100065436,0.0,-0.0,-3.06271,0.0,0.0394292,0.0,-0.0,-0.999222,1.0,1.0,1,0,0,0,0,0,0
100168737,0.0,-0.0,-3.06271,0.0,0.0394292,0.0,-0.0,-0.999222,1.0,1.0,1,0,0,0,0,0,0
100268801,0.0,-0.0,-3.06271,0.0,0.0394292,0.0,-0.0,-0.999222,1.0,1.0,1,0,0,0,0,0,0
100372364,0.0,-0.0,-3.06271,0.0,0.0394292,0.0,-0.0,-0.999222,1.0,1.0,1,0,0,0,0,0,0
100473074,0.0,-0.0,-3.06271,0.0,0.0394292,0.0,-0.0,-0.999222,1.0,1.0,1,0,0,0,0,0,0
100572048,0.0,-0.0,-3.06271,0.0,0.0394292,0.0,-0.0,-0.999222,1.0,1.0,1,0,0,0,0,0,0
100676419,0.0,-0.0,-3.06271,0.0,0.0394292,0.0,-0.0,-0.999222,1.0,1.0,1,0,0,0,0,0,0
100776028,0.0,-0.0,-3.06271,0.0,0.0394292,0.0,-0.0,-0.999222,1.0,1.0,1,0,0,0,0,0,0
100880063,0.0,-0.0,-3.06271,0.0,0.0394292,0.0,-0.0,-0.999222,1.0,1.0,1,0,0,0,0,0,0
100981200,0.0,-0.0,-3.06271,0.0,0.0394292,0.0,-0.0,-0.999222,1.0,1.0,1,0,0,0,0,0,0
101080665,0.0,-0.0,-3.06271,0.0,0.0394292,0.0,-0.0,-0.999222,1.0,1.0,1,0,0,0,0,0,0
101184718,0.0,-0.0,-3.06271,0.0,0.0394292,0.0,-0.0,-0.999222,1.0,1.0,1,0,0,0,0,0,0
101284024,0.0,-0.0,-3.06271,0.0,0.0394292,0.0,-0.0,-0.999222,1.0,1.0,1,0,0,0,0,0,0
101384670,0.0,-0.0,-3.06271,0.0,0.0394292,0.0,-0.0,-0.999222,1.0,1.0,1,0,0,0,0,0,0
101485139,0.0,-0.0,-3.06271,0.0,0.0394292,0.0,-0.0,-0.999222,1.0,1.0,1,0,0,0,0,0,0
101588020,0.0,-0.0,-3.06271,0.0,0.0394292,0.0,-0.0,-0.999222,1.0,1.0,1,0,0,0,0,0,0
101689258,0.0,-0.0,-3.06271,0.0,0.0394292,0.0,-0.0,-0.999222,1.0,1.0,1,0,0,0,0,0,0
101793009,0.0,-0.0,-3.06271,0.0,0.0394292,0.0,-0.0,-0.999222,1.0,1.0,1,0,0,0,0,0,0
101890988,0.0,-0.0,-3.06271,0.0,0.0394292,0.0,-0.0,-0.999222,1.0,1.0,1,0,0,0,0,0,0
101994812,0.0,-0.0,-3.06271,0.0,0.0394292,0.0,-0.0,-0.999222,1.0,1.0,1,0,0,0,0,0,0
102096689,0.0,-0.0,-3.06271,0.0,0.0394292,0.0,-0.0,-0.999222,1.0,1.0,1,0,0,0,0,0,0
102196047,0.0,-0.0,-3.06271,0.0,0.0394292,0.0,-0.0,-0.999222,1.0,1.0,1,0,0,0,0,0,0
102300057,0.0,-0.0,-3.06271,0.0,0.0394292,0.0,-0.0,-0.999222,1.0,1.0,1,0,0,0,0,0,0
102400361,0.0,-0.0,-3.06271,0.0,0.0394292,0.0,-0.0,-0.999222,1.0,1.0,1,0,0,0,0,0,0
102504715,0.0,-0.0,-3.06271,0.0,0.0394292,0.0,-0.0,-0.999222,1.0,1.0,1,0,0,0,0,0,0
102605419,0.0,-0.0,-3.06271,0.0,0.0394292,0.0,-0.0,-0.999222,1.0,1.0,1,0,0,0,0,0,0
102704678,0.0,-0.0,-3.06271,0.0,0.0394292,0.0,-0.0,-0.999222,1.0,1.0,1,0,0,0,0,0,0
102808571,0.0,-0.0,-3.06271,0.0,0.0394292,0.0,-0.0,-0.999222,1.0,1.0,1,0,0,0,0,0,0
102909115,0.0,-0.0,-3.06271,0.0,0.0394292,0.0,-0.0,-0.999222,1.0,1.0,1,0,0,0,0,0,0
103008773,0.0,-0.0,-3.06271,0.0,0.0394292,0.0,-0.0,-0.999222,1.0,1.0,1,0,0,0,0,0,0
103112037,0.0,-0.0,-3.06271,0.0,0.0394292,0.0,-0.0,-0.999222,1.0,1.0,1,0,0,0,0,0,0
103212438,0.0,-0.0,-3.06271,0.0,0.0394292,0.0,-0.0,-0.999222,1.0,1.0,1,0,0,0,0,0,0
103313044,0.0,-0.0,-3.06271,0.0,0.0394292,0.0,-0.0,-0.999222,1.0,1.0,1,0,0,0,0,0,0
103416041,0.0,-0.0,-3.06271,0.0,0.0394292,0.0,-0.0,-0.999222,1.0,1.0,1,0,0,0,0,0,0
103516403,0.0,-0.0,-3.06271,0.0,0.0394292,0.0,-0.0,-0.999222,1.0,1.0,1,0,0,0,0,0,0
103620451,0.0,-0.0,-3.06271,0.0,0.0394292,0.0,-0.0,-0.999222,1.0,1.0,1,0,0,0,0,0,0
103721032,0.0,-0.0,-3.06271,0.0,0.0394292,0.0,-0.0,-0.999222,1.0,1.0,1,0,0,0,0,0,0
103821747,0.0,-0.0,-3.06271,0.0,0.0394292,0.0,-0.0,-0.999222,1.0,1.0,1,0,0,0,0,0,0
103920704,0.0,-0.0,-3.06271,0.0,0.0394292,0.0,-0.0,-0.999222,1.0,1.0,1,0,0,0,0,0,0
104023154,0.0,-0.0,-3.06271,0.0,0.0394292,0.0,-0.0,-0.999222,1.0,1.0,1,0,0,0,0,0,0
104127174,0.0,-0.0,-3.06271,0.0,0.0394292,0.0,-0.0,-0.999222,1.0,1.0,1,0,0,0,0,0,0
104228842,0.0,-0.0,-3.06271,0.0,0.0394292,0.0,-0.0,-0.999222,1.0,1.0,1,0,0,0,0,0,0
104328027,0.0,-0.0,-3.06271,0.0,0.0394292,0.0,-0.0,-0.999222,1.0,1.0,1,0,0,0,0,0,0
104432437,0.0,-0.0,-3.06271,0.0,0.0394292,0.0,-0.0,-0.999222,1.0,1.0,1,0,0,0,0,0,0
104533067,0.0,-0.0,-3.06271,0.0,0.0394292,0.0,-0.0,-0.999222,1.0,1.0,1,0,0,0,0,0,0
104633030,0.0,-0.0,-3.06271,0.0,0.0394292,0.0,-0.0,-0.999222,1.0,1.0,1,0,0,0,0,0,0
104736033,0.0,-0.0,-3.06271,0.0,0.0394292,0.0,-0.0,-0.999222,1.0,1.0,1,0,0,0,0,0,0
104835124,0.0,-0.0,-3.06271,0.0,0.0394292,0.0,-0.0,-0.999222,1.0,1.0,1,0,0,0,0,0,0
104940474,0.0,-0.0,-3.06271,0.0,0.0394292,0.0,-0.0,-0.999222,1.0,1.0,1,0,0,0,0,0,0
105041397,0.0,-0.0,-3.06271,0.0,0.0394292,0.0,-0.0,-0.999222,1.0,1.0,1,0,0,0,0,0,0
105141059,0.0,-0.0,-3.06271,0.0,0.0394292,0.0,-0.0,-0.999222,1.0,1.0,1,0,0,0,0,0,0
105244681,0.0,-0.0,-3.06271,0.0,0.0394292,0.0,-0.0,-0.999222,1.0,1.0,1,0,0,0,0,0,0
105345402,0.0,-0.0,-3.06271,0.0,0.0394292,0.0,-0.0,-0.999222,1.0,1.0,1,0,0,0,0,0,0
105427409,0.0,-0.0,-3.06271,0.0,0.0394292,0.0,-0.0,-0.999222,1.0,1.0,1,0,0,0,0,0,0
105529404,0.0,-0.0,-3.06271,0.0,0.0394292,0.0,-0.0,-0.999222,1.0,1.0,1,0,0,0,0,0,0
105631408,0.0,-0.0,-3.06271,0.0,0.0394292,0.0,-0.0,-0.999222,1.0,1.0,1,0,0,0,0,0,0
105734405,0.0,-0.0,-3.06271,0.0,0.0394292,0.0,-0.0,-0.999222,1.0,1.0,1,0,0,0,0,0,0
105836403,0.0,-0.0,-3.06271,0.0,0.0394292,0.0,-0.0,-0.999222,1.0,1.0,1,0,0,0,0,0,0
105938409,0.0,-0.0,-3.06271,0.0,0.0394292,0.0,-0.0,-0.999222,1.0,1.0,1,0,0,0,0,0,0
106040403,0.0,-0.0,-3.06271,0.0,0.0394292,0.0,-0.0,-0.999222,1.0,1.0,1,0,0,0,0,0,0
106142407,0.0,-0.0,-3.06271,0.0,0.0394292,0.0,-0.0,-0.999222,1.0,1.0,1,0,0,0,0,0,0
106244403,0.0,-0.0,-3.06271,0.0,0.0394292,0.0,-0.0,-0.999222,1.0,1.0,1,0,0,0,0,0,0
106346405,0.0,-0.0,-3.06271,0.0,0.0394292,0.0,-0.0,-0.999222,1.0,1.0,1,0,0,0,0,0,0
106448403,0.0,-0.0,-3.06271,0.0,0.0394292,0.0,-0.0,-0.999222,1.0,1.0,1,0,0,0,0,0,0
106550409,0.0,-0.0,-3.06271,0.0,0.0394292,0.0,-0.0,-0.999222,1.0,1.0,1,0,0,0,0,0,0
106652403,0.0,-0.0,-3.06271,0.0,0.0394292,0.0,-0.0,-0.999222,1.0,1.0,1,0,0,0,0,0,0
106754407,0.0,-0.0,-3.06271,0.0,0.0394292,0.0,-0.0,-0.999222,1.0,1.0,1,0,0,0,0,0,0
106856403,0.0,-0.0,-3.06271,0.0,0.0394292,0.0,-0.0,-0.999222,1.0,1.0,1,0,0,0,0,0,0
106958405,0.0,-0.0,-3.06271,0.0,0.0394292,0.0,-0.0,-0.999222,1.0,1.0,1,0,0,0,0,0,0
107060407,0.0,-0.0,-3.06271,0.0,0.0394292,0.0,-0.0,-0.999222,1.0,1.0,1,0,0,0,0,0,0
107162407,0.0,-0.0,-3.06271,0.0,0.0394292,0.0,-0.0,-0.999222,1.0,1.0,1,0,0,0,0,0,0
107264405,0.0,-0.0,-3.06271,0.0,0.0394292,0.0,-0.0,-0.999222,1.0,1.0,1,0,0,0,0,0,0
107367414,0.0,-0.0,-3.06271,0.0,0.0394292,0.0,-0.0,-0.999222,1.0,1.0,1,0,0,0,0,0,0
107469416,0.0,-0.0,-3.06271,0.0,0.0394292,0.0,-0.0,-0.999222,1.0,1.0,1,0,0,0,0,0,0
107571416,0.0,-0.0,-3.06271,0.0,0.0394292,0.0,-0.0,-0.999222,1.0,1.0,1,0,0,0,0,0,0
107673415,0.0,-0.0,-3.06271,0.0,0.0394292,0.0,-0.0,-0.999222,1.0,1.0,1,0,0,0,0,0,0
107775417,0.0,-0.0,-3.06271,0.0,0.0394292,0.0,-0.0,-0.999222,1.0,1.0,1,0,0,0,0,0,0
107877412,0.0,-0.0,-3.06271,0.0,0.0394292,0.0,-0.0,-0.999222,1.0,1.0,1,0,0,0,0,0,0
107979414,0.0,-0.0,-3.06271,0.0,0.0394292,0.0,-0.0,-0.999222,1.0,1.0,1,0,0,0,0,0,0
108081416,0.0,-0.0,-3.06271,0.0,0.0394292,0.0,-0.0,-0.999222,1.0,1.0,1,0,0,0,0,0,0
108183420,0.0,-0.0,-3.06271,0.0,0.0394292,0.0,-0.0,-0.999222,1.0,1.0,1,0,0,0,0,0,0
108285412,0.0,-0.0,-3.06271,0.0,0.0394292,0.0,-0.0,-0.999222,1.0,1.0,1,0,0,0,0,0,0
108387410,0.0,-0.0,-3.06271,0.0,0.0394292,0.0,-0.0,-0.999222,1.0,1.0,1,0,0,0,0,0,0
108489415,0.0,-0.0,-3.06271,0.0,0.0394292,0.0,-0.0,-0.999222,1.0,1.0,1,0,0,0,0,0,0
108591418,0.0,-0.0,-3.06271,0.0,0.0394292,0.0,-0.0,-0.999222,1.0,1.0,1,0,0,0,0,0,0
108693414,0.0,-0.0,-3.06271,0.0,0.0394292,0.0,-0.0,-0.999222,1.0,1.0,1,0,0,0,0,0,0
108795416,0.0,-0.0,-3.06271,0.0,0.0394292,0.0,-0.0,-0.999222,1.0,1.0,1,0,0,0,0,0,0
108897414,0.0,-0.0,-3.06271,0.0,0.0394292,0.0,-0.0,-0.999222,1.0,1.0,1,0,0,0,0,0,0
108999412,0.0,-0.0,-3.06271,0.0,0.0394292,0.0,-0.0,-0.999222,1.0,1.0,1,0,0,0,0,0,0
109080740,0.0,-0.0,-3.06271,0.0,0.0394292,0.0,-0.0,-0.999222,1.0,1.0,1,0,0,0,0,0,0
109182737,0.0,-0.0,-3.06271,0.0,0.0394292,0.0,-0.0,-0.999222,1.0,1.0,1,0,0,0,0,0,0
109284741,0.0,-0.0,-3.06271,0.0,0.0394292,0.0,-0.0,-0.999222,1.0,1.0,1,0,0,0,0,0,0
109386734,0.0,-0.0,-3.06271,0.0,0.0394292,0.0,-0.0,-0.999222,1.0,1.0,1,0,0,0,0,0,0
109488738,0.0,-0.0,-3.06271,0.0,0.0394292,0.0,-0.0,-0.999222,1.0,1.0,1,0,0,0,0,0,0
109590734,0.0,-0.0,-3.06271,0.0,0.0394292,0.0,-0.0,-0.999222,1.0,1.0,1,0,0,0,0,0,0
109692743,0.0,-0.0,-3.06271,0.0,0.0394292,0.0,-0.0,-0.999222,1.0,1.0,1,0,0,0,0,0,0
109794739,0.0,-0.0,-3.06271,0.0,0.0394292,0.0,-0.0,-0.999222,1.0,1.0,1,0,0,0,0,0,0
109896738,0.0,-0.0,-3.06271,0.0,0.0394292,0.0,-0.0,-0.999222,1.0,1.0,1,0,0,0,0,0,0
109998756,0.0,-0.0,-3.06271,0.0,0.0394292,0.0,-0.0,-0.999222,1.0,1.0,1,0,0,0,0,0,0
110100734,0.0,-0.0,-3.06271,0.0,0.0394292,0.0,-0.0,-0.999222,1.0,1.0,1,0,0,0,0,0,0
110202741,0.0,-0.0,-3.06271,0.0,0.0394292,0.0,-0.0,-0.999222,1.0,1.0,1,0,0,0,0,0,0
110304752,0.0,-0.0,-3.06271,0.0,0.0394292,0.0,-0.0,-0.999222,1.0,1.0,1,0,0,0,0,0,0
110406760,0.0,-0.0,-3.06271,0.0,0.0394292,0.0,-0.0,-0.999222,1.0,1.0,1,0,0,0,0,0,0
110508743,0.0,-0.0,-3.06271,0.0,0.0394292,0.0,-0.0,-0.999222,1.0,1.0,1,0,0,0,0,0,0
110610747,0.0,-0.0,-3.06271,0.0,0.0394292,0.0,-0.0,-0.999222,1.0,1.0,1,0,0,0,0,0,0
110712653,0.0,-0.0,-3.06271,0.0,0.0394292,0.0,-0.0,-0.999222,1.0,1.0,1,0,0,0,0,0,0
110814653,0.0,-0.0,-3.06271,0.0,0.0394292,0.0,-0.0,-0.999222,1.0,1.0,1,0,0,0,0,0,0
110916650,0.0,-0.0,-3.06271,0.0,0.0394292,0.0,-0.0,-0.999222,1.0,1.0,1,0,0,0,0,0,0
111018660,0.0,-0.0,-3.06271,0.0,0.0394292,0.0,-0.0,-0.999222,1.0,1.0,1,0,0,0,0,0,0
111120672,0.0,-0.0,-3.06271,0.0,0.0394292,0.0,-0.0,-0.999222,1.0,1.0,1,0,0,0,0,0,0
111222646,0.0,-0.0,-3.06271,0.0,0.0394292,0.0,-0.0,-0.999222,1.0,1.0,1,0,0,0,0,0,0
111324646,0.0,-0.0,-3.06271,0.0,0.0394292,0.0,-0.0,-0.999222,1.0,1.0,1,0,0,0,0,0,0
111426645,0.0,-0.0,-3.06271,0.0,0.0394292,0.0,-0.0,-0.999222,1.0,1.0,1,0,0,0,0,0,0
111528651,0.0,-0.0,-3.06271,0.0,0.0394292,0.0,-0.0,-0.999222,1.0,1.0,1,0,0,0,0,0,0
111630649,0.0,-0.0,-3.06271,0.0,0.0394292,0.0,-0.0,-0.999222,1.0,1.0,1,0,0,0,0,0,0
111732654,0.0,-0.0,-3.06271,0.0,0.0394292,0.0,-0.0,-0.999222,1.0,1.0,1,0,0,0,0,0,0
111834658,0.0,-0.0,-3.06271,0.0,0.0394292,0.0,-0.0,-0.999222,1.0,1.0,1,0,0,0,0,0,0
111936647,0.0,-0.0,-3.06271,0.0,0.0394292,0.0,-0.0,-0.999222,1.0,1.0,1,0,0,0,0,0,0
112038649,0.0,-0.0,-3.06271,0.0,0.0394292,0.0,-0.0,-0.999222,1.0,1.0,1,0,0,0,0,0,0
112140651,0.0,-0.0,-3.06271,0.0,0.0394292,0.0,-0.0,-0.999222,1.0,1.0,1,0,0,0,0,0,0
112242647,0.0,-0.0,-3.06271,0.0,0.0394292,0.0,-0.0,-0.999222,1.0,1.0,1,0,0,0,0,0,0
112344644,0.0,-0.0,-3.06271,0.0,0.0394292,0.0,-0.0,-0.999222,1.0,1.0,1,0,0,0,0,0,0
112446644,0.0,-0.0,-3.06271,0.0,0.0394292,0.0,-0.0,-0.999222,1.0,1.0,1,0,0,0,0,0,0
112548646,0.0,-0.0,-3.06271,0.0,0.0394292,0.0,-0.0,-0.999222,1.0,1.0,1,0,0,0,0,0,0
112650653,0.0,-0.0,-3.06271,0.0,0.0394292,0.0,-0.0,-0.999222,1.0,1.0,1,0,0,0,0,0,0
112752648,0.0,-0.0,-3.06271,0.0,0.0394292,0.0,-0.0,-0.999222,1.0,1.0,1,0,0,0,0,0,0
