timestamp,rollspeed,pitchspeed,yawspeed,q[0],q[1],q[2],q[3],delta_q_reset[0],delta_q_reset[1],delta_q_reset[2],delta_q_reset[3],quat_reset_counter
18241887,-0.00872586,0.00864076,0.0109777,0.999782,0.000405743,-0.000559985,-0.0208559,1.0,0.0,0.0,0.0,0
18245734,0.00166958,0.00702151,-0.00117091,0.999782,0.000409438,-0.000546002,-0.0208489,1.0,0.0,0.0,0.0,0
18345792,0.00364316,-0.00416766,0.00571946,0.999784,0.000544493,-0.000408314,-0.0207599,1.0,0.0,0.0,0.0,0
18449736,0.00130414,-0.00414668,0.0198717,0.999794,0.000524343,-0.000266996,-0.0203008,1.0,0.0,0.0,0.0,0
18550726,-0.0166389,-0.0279645,0.0252389,0.999828,0.000109028,-2.33041e-05,-0.0185379,1.0,0.0,0.0,0.0,0
18650873,0.0027043,-0.0132425,0.0438552,0.999874,0.000150552,4.69342e-06,-0.0158598,1.0,0.0,0.0,0.0,0
18754732,0.0185136,-0.0339548,0.0564286,0.999917,0.00012453,0.000106231,-0.0128924,1.0,0.0,0.0,0.0,0
18853732,-0.0113905,-0.0221341,0.0645116,0.999946,0.000178322,0.000167086,-0.0104336,1.0,0.0,0.0,0.0,0
18957743,0.00389581,-0.0256083,0.0285802,0.999965,-4.09267e-05,0.000162899,-0.00837671,1.0,0.0,0.0,0.0,0
19057734,-0.0195057,-0.019931,0.0117006,0.999976,-0.000141589,-4.60538e-06,-0.00691287,1.0,0.0,0.0,0.0,0
19156672,0.0118449,0.000167759,0.0162537,0.999983,0.000189459,0.00013745,-0.00589422,1.0,0.0,0.0,0.0,0
19260686,0.00585076,0.00369419,0.0102274,0.999986,5.42825e-05,3.17623e-05,-0.00533921,1.0,0.0,0.0,0.0,0
19361724,0.0227151,0.0148902,-0.0163576,0.999987,-9.15153e-05,9.54993e-05,-0.00518639,1.0,0.0,0.0,0.0,0
19461740,-0.0303038,-0.0343305,-0.0240418,0.999986,-0.000273025,0.000180558,-0.00523006,1.0,0.0,0.0,0.0,0
19565740,-0.0106746,-0.00596077,-0.00369649,0.999986,-0.000302589,0.000359658,-0.00534151,1.0,0.0,0.0,0.0,0
19666741,-0.00120506,0.00604832,-0.00917909,0.999985,4.09267e-05,0.000163694,-0.00558513,1.0,0.0,0.0,0.0,0
19769801,-0.0402554,0.0334551,-0.0289474,0.999982,-0.000130862,0.00020089,-0.00607725,1.0,0.0,0.0,0.0,0
19869731,-0.0417793,0.0404171,-0.021338,0.999979,1.20848e-06,0.000119779,-0.00649412,1.0,0.0,0.0,0.0,0
19969778,-0.0287125,-0.00569874,-0.0195411,0.999976,-0.000327538,0.000317647,-0.00693912,1.0,0.0,0.0,0.0,0
20073725,-0.0271733,0.0135084,-0.0308532,0.999974,-0.000462807,0.000269127,-0.00724321,1.0,0.0,0.0,0.0,0
20173738,-0.000941578,-0.00405564,0.00614896,0.999972,-0.000203402,0.000229647,-0.00746382,1.0,0.0,0.0,0.0,0
20273904,-0.000732645,-0.00603025,0.000936558,0.999972,0.000179809,0.000216663,-0.00746219,1.0,0.0,0.0,0.0,0
20377740,0.0333139,-0.021694,0.000761404,0.999975,0.000543582,-5.02896e-05,-0.0070215,1.0,0.0,0.0,0.0,0
20477739,0.0101457,-0.00569148,0.0128755,0.999978,0.000410715,2.79155e-05,-0.00657671,1.0,0.0,0.0,0.0,0
20581852,-0.011733,0.003802,0.00416231,0.999981,0.000200066,8.89158e-05,-0.0061175,1.0,0.0,0.0,0.0,0
20681742,0.00229738,-0.0105119,0.00627807,0.999983,0.000137467,3.75784e-05,-0.0058997,1.0,0.0,0.0,0.0,0
20781787,-0.0310987,-0.00450973,0.000806348,0.999984,-0.000147319,-0.000147014,-0.00574843,1.0,0.0,0.0,0.0,0
20885749,0.0103964,-0.0213065,0.00552993,0.999983,3.07419e-05,-2.86287e-05,-0.00580168,1.0,0.0,0.0,0.0,0
20985739,0.00852828,-0.000302381,0.00501157,0.999983,0.000146449,8.46202e-05,-0.00581784,1.0,0.0,0.0,0.0,0
21089731,0.0154136,0.00663074,0.00368029,0.999982,-4.93998e-05,-2.35543e-05,-0.00596177,1.0,0.0,0.0,0.0,0
21189621,0.188104,0.0518358,0.016545,0.99998,0.00269589,0.000943825,-0.00566126,1.0,0.0,0.0,0.0,0
21292355,0.465755,0.115056,0.0106918,0.999791,0.0190913,0.00517524,-0.00524659,1.0,0.0,0.0,0.0,0
21393620,0.73204,0.188032,0.00469461,0.998687,0.0495036,0.0124485,-0.00443783,1.0,0.0,0.0,0.0,0
21493641,1.00566,0.239698,0.0123895,0.99539,0.0932261,0.0222777,-0.00346936,1.0,0.0,0.0,0.0,0
21593792,1.2815,0.296916,0.0127044,0.988011,0.150302,0.0351989,-0.0022822,1.0,0.0,0.0,0.0,0
21698656,1.56999,0.353258,0.0115159,0.973153,0.22427,0.0517264,-0.000885565,1.0,0.0,0.0,0.0,0
21798622,1.86351,0.430235,0.0353192,0.94918,0.306738,0.0704909,0.000571023,1.0,0.0,0.0,0.0,0
21898618,2.12505,0.487471,0.0345469,0.91218,0.399455,0.09141,0.00271496,1.0,0.0,0.0,0.0,0
22002609,2.41419,0.556184,0.0505129,0.85609,0.503819,0.115109,0.00512143,1.0,0.0,0.0,0.0,0
22101724,2.65854,0.652674,0.0600729,0.78232,0.607133,0.138939,0.00775833,1.0,0.0,0.0,0.0,0
22204623,2.9529,0.690198,0.0629615,0.681038,0.713606,0.163819,0.0108074,1.0,0.0,0.0,0.0,0
22305622,3.23168,0.764425,0.0684935,0.555523,0.810173,0.186603,0.0138905,1.0,0.0,0.0,0.0,0
22406642,3.51969,0.865102,0.0584255,0.402711,0.891589,0.20639,0.0172334,1.0,0.0,0.0,0.0,0
22509623,3.78786,0.948421,0.0670456,0.220384,0.94977,0.221193,0.0210045,1.0,0.0,0.0,0.0,0
22609624,4.05161,1.04149,0.0807068,0.0216721,0.973084,0.228101,0.0246656,1.0,0.0,0.0,0.0,0
22709612,4.32201,1.11535,0.0713766,-0.19141,0.954847,0.225467,0.0281866,1.0,0.0,0.0,0.0,0
22814659,4.61742,1.19664,0.0977194,-0.419045,0.882804,0.209938,0.031371,1.0,0.0,0.0,0.0,0
22913623,4.86949,1.29729,0.0871936,-0.622491,0.760464,0.181851,0.0336057,1.0,0.0,0.0,0.0,0
23014621,5.12204,1.40476,0.108336,-0.801694,0.580257,0.139208,0.0347869,1.0,0.0,0.0,0.0,0
23118632,5.37395,1.49564,0.106859,-0.935742,0.34155,0.0808095,0.0346404,1.0,0.0,0.0,0.0,0
23216978,5.66513,1.57468,0.103678,-0.996369,0.0772267,0.015051,0.0325398,1.0,0.0,0.0,0.0,0
23320472,5.93204,1.72877,0.113946,-0.973043,-0.220753,-0.0606018,0.0279808,1.0,0.0,0.0,0.0,0
23421627,6.18932,1.83272,0.11172,-0.85318,-0.503843,-0.133459,0.0203968,1.0,0.0,0.0,0.0,0
23521741,-0.682421,-0.671921,0.145225,-0.716555,-0.677184,-0.165775,0.0221366,1.0,0.0,0.0,0.0,0
23625736,-3.9784,-1.56053,0.301893,-0.816,-0.566979,-0.103445,0.0444719,1.0,0.0,0.0,0.0,0
23725729,-4.10168,-0.876906,0.444036,-0.916442,-0.394888,-0.0447892,0.0468067,1.0,0.0,0.0,0.0,0
23825744,-3.62761,-0.349242,0.542021,-0.979036,-0.201493,-0.0122472,0.0272067,1.0,0.0,0.0,0.0,0
23930768,-1.72757,-0.037455,0.555638,-0.998173,-0.0603788,0.00177221,-0.00132794,1.0,0.0,0.0,0.0,0
24030757,-0.625743,0.0334564,0.520494,-0.999578,-0.00529869,0.00548721,-0.0280287,1.0,0.0,0.0,0.0,0
24133753,-0.222619,0.0262422,0.426044,-0.99854,0.0141288,0.00589751,-0.0518055,1.0,0.0,0.0,0.0,0
24233743,-0.00323604,-0.012432,0.312645,-0.997319,0.0218448,0.00546045,-0.0696332,1.0,0.0,0.0,0.0,0
24333820,0.136328,-0.0107455,0.220571,-0.996411,0.0189401,0.00402798,-0.0824053,1.0,0.0,0.0,0.0,0
24437726,0.0915806,-0.0329129,0.10978,-0.995739,0.0156975,0.00371964,-0.0907909,1.0,0.0,0.0,0.0,0
24537725,0.0922568,-0.00999169,0.0426566,-0.995409,0.0139684,0.00357607,-0.0946239,1.0,0.0,0.0,0.0,0
24641736,0.0871279,-0.0122332,0.00077364,-0.995346,0.0131432,0.00374939,-0.0953958,1.0,0.0,0.0,0.0,0
24741724,0.0717185,-0.0361351,-0.046866,-0.9955,0.0128472,0.003619,-0.0938156,1.0,0.0,0.0,0.0,0
24841935,0.0264783,-0.028504,-0.19564,-0.995971,0.0131374,0.00406086,-0.0886207,1.0,0.0,0.0,0.0,0
24945744,0.0534408,-0.00514817,-0.274866,-0.996998,0.0142058,0.0047704,-0.0759607,1.0,0.0,0.0,0.0,0
25045742,0.0564366,0.043268,-0.317057,-0.998086,0.0136939,0.00453357,-0.0601357,1.0,0.0,0.0,0.0,0
25145745,0.0758949,0.0324047,-0.296938,-0.998967,0.0126166,0.00396572,-0.0434749,1.0,0.0,0.0,0.0,0
25250860,0.0587878,-0.0144017,-0.233008,-0.99948,0.0113081,0.00412004,-0.0298981,1.0,0.0,0.0,0.0,0
25348665,0.0983839,0.00629056,-0.147342,-0.999702,0.0106636,0.00459793,-0.0214592,1.0,0.0,0.0,0.0,0
25452643,0.0531918,0.0267417,-0.072949,-0.999806,0.0107948,0.00464007,-0.0158266,1.0,0.0,0.0,0.0,0
25553790,0.0527626,0.0331678,-0.0331903,-0.999845,0.0108434,0.00422105,-0.0132018,1.0,0.0,0.0,0.0,0
25654738,0.0586416,0.0257532,0.00970252,-0.999852,0.0111631,0.00354115,-0.0125832,1.0,0.0,0.0,0.0,0
25757738,0.0642805,0.0159888,0.0310592,-0.999841,0.0114319,0.00314097,-0.0132869,1.0,0.0,0.0,0.0,0
25857735,0.0621996,0.0333987,0.0297584,-0.999821,0.0116501,0.00251993,-0.0147199,1.0,0.0,0.0,0.0,0
25957747,0.074281,0.0560343,0.0334903,-0.999798,0.011605,0.00202177,-0.0162868,1.0,0.0,0.0,0.0,0
26061744,0.0622298,0.0252626,0.0382543,-0.99977,0.0115056,0.00181871,-0.018036,1.0,0.0,0.0,0.0,0
26162757,0.0417401,0.00261481,0.024864,-0.999744,0.0111907,0.00177036,-0.0195866,1.0,0.0,0.0,0.0,0
26265803,0.0489028,-0.00174214,0.0166887,-0.999727,0.0106348,0.00175996,-0.0207495,1.0,0.0,0.0,0.0,0
26365743,0.0418586,-0.00440844,0.0154072,-0.999715,0.010302,0.0018675,-0.0214444,1.0,0.0,0.0,0.0,0
26466727,0.0552263,-0.0414283,0.0178837,-0.999709,0.00962341,0.00144896,-0.0220811,1.0,0.0,0.0,0.0,0
26569918,0.0739674,-0.00698337,0.0137534,-0.999709,0.00891095,0.00145951,-0.022365,1.0,0.0,0.0,0.0,0
26669781,0.0656305,0.0147129,0.00922614,-0.999712,0.00815362,0.00144348,-0.0225454,1.0,0.0,0.0,0.0,0
26769738,0.0669449,0.0171644,0.00163217,-0.999719,0.00748209,0.00117065,-0.0224635,1.0,0.0,0.0,0.0,0
26873741,0.0207086,0.0144274,-0.0136671,-0.999731,0.00650865,0.000988334,-0.022221,1.0,0.0,0.0,0.0,0
26974737,0.00352115,0.0396407,0.0288817,-0.999739,0.0061533,0.000731083,-0.0220141,1.0,0.0,0.0,0.0,0
27077724,-0.0111138,0.0114705,0.00227602,-0.99974,0.00575394,0.000761758,-0.0220703,1.0,0.0,0.0,0.0,0
27177791,0.0350416,-0.0160936,0.00380336,-0.999751,0.00444927,0.00083224,-0.0218552,1.0,0.0,0.0,0.0,0
27277791,0.0237453,-0.00430592,-0.000273821,-0.999757,0.00413304,0.000508809,-0.0216641,1.0,0.0,0.0,0.0,0
27381899,-0.0102794,0.00706289,-0.0120762,-0.999762,0.0037937,0.000377641,-0.021491,1.0,0.0,0.0,0.0,0
27480864,-0.000323657,-0.00834375,0.00606007,-0.999767,0.00319524,9.80436e-05,-0.0213747,1.0,0.0,0.0,0.0,0
27584839,0.0099683,-0.0311109,0.0143717,-0.99977,0.00292319,6.91451e-05,-0.0212535,1.0,0.0,0.0,0.0,0
27685797,0.0105323,-0.0199308,0.0110558,-0.999769,0.00245765,3.73249e-05,-0.0213653,1.0,0.0,0.0,0.0,0
27785743,-0.00432768,-0.0167227,-0.00665101,-0.999807,0.00210167,-0.000106414,-0.0195165,1.0,0.0,0.0,0.0,0
27889743,-0.0335241,-0.0045689,0.000200279,-0.999929,0.00190119,-0.000713329,-0.0117415,1.0,0.0,0.0,0.0,0
27989726,-0.0409973,-0.0101281,0.0439156,-0.999999,0.00143417,-0.000970527,-0.000205532,1.0,0.0,0.0,0.0,0
28089865,-0.0578825,-0.0384693,0.0739358,-0.999924,0.00102491,-0.000865526,0.0122237,1.0,0.0,0.0,0.0,0
28193738,-0.0100546,-0.0448271,0.155739,-0.999754,0.000145794,-7.65725e-05,0.0221853,1.0,0.0,0.0,0.0,0
28293738,0.00799146,-0.0416534,0.214859,-0.999609,-0.00115287,0.000932683,0.0279165,1.0,0.0,0.0,0.0,0
28393744,-0.0399622,0.000183304,0.24259,-0.999577,-0.000994705,0.000901513,0.0290615,1.0,0.0,0.0,0.0,0
28498776,-0.0316576,0.00204317,0.268156,-0.999652,-0.000483844,0.000616124,0.026357,1.0,0.0,0.0,0.0,0
28598781,-0.0186401,-0.0124647,0.299412,-0.999798,-0.000332118,0.000410665,0.0201057,1.0,0.0,0.0,0.0,0
28698787,-0.0359348,0.0128824,0.259553,-0.999942,-1.78352e-06,0.00053452,0.0108005,1.0,0.0,0.0,0.0,0
28801725,-0.0542749,0.0115803,0.218597,-1.0,-9.72243e-05,0.000800682,-0.000125958,1.0,0.0,0.0,0.0,0
28902742,-0.0608014,0.0237757,0.180346,-0.999947,0.000220098,0.000985184,-0.010261,1.0,0.0,0.0,0.0,0
29005727,-0.0543982,0.0102618,0.138454,-0.999823,0.000273355,0.00125966,-0.0187785,1.0,0.0,0.0,0.0,0
29105899,-0.040058,0.00542176,0.0923658,-0.9997,0.00028205,0.00160348,-0.0244467,1.0,0.0,0.0,0.0,0
29205742,-0.0278276,-0.000704004,0.0388774,-0.999611,0.000341802,0.0012079,-0.0278639,1.0,0.0,0.0,0.0,0
29309747,-0.0463025,0.014535,-0.0144181,-0.999571,-3.44454e-06,0.000996812,-0.0292603,1.0,0.0,0.0,0.0,0
29409891,-0.040532,0.042601,-0.0317412,-0.999574,-0.000391596,0.000925967,-0.0291697,1.0,0.0,0.0,0.0,0
29508688,-0.0262253,0.0131821,-0.018869,-0.9996,-0.000730307,0.000804696,-0.0282719,1.0,0.0,0.0,0.0,0
29612790,-0.0474031,-0.00269461,-0.0287401,-0.999639,-0.000818956,0.000796089,-0.0268531,1.0,0.0,0.0,0.0,0
29716751,-0.079897,-0.00980276,-0.0313504,-0.999683,-0.000712245,0.000800453,-0.0251534,1.0,0.0,0.0,0.0,0
29815735,-0.0404833,-0.0087709,-0.0471405,-0.99972,-0.00119286,0.000663082,-0.0236253,1.0,0.0,0.0,0.0,0
29917723,-0.0451509,-0.0238546,0.00300233,-0.999748,-0.00121095,0.000649843,-0.0224255,1.0,0.0,0.0,0.0,0
30017769,-0.0537967,-0.00464481,-0.000476217,-0.999762,-0.0011079,0.00052154,-0.0217854,1.0,0.0,0.0,0.0,0
30121780,-0.0345791,-0.0114725,-0.0149975,-0.999771,-0.00131865,0.000404249,-0.0213559,1.0,0.0,0.0,0.0,0
30222759,-0.0337901,0.0137747,-0.015115,-0.999776,-0.00135483,0.000365223,-0.0211184,1.0,0.0,0.0,0.0,0
30325744,-0.0483749,0.0124742,-0.00226393,-0.999777,-0.00136296,0.000303733,-0.021067,1.0,0.0,0.0,0.0,0
30425774,-0.0111647,0.0137363,-0.0103999,-0.999773,-0.00162167,-6.53722e-05,-0.0212258,1.0,0.0,0.0,0.0,0
30525804,0.00542771,-0.010446,-0.0032053,-0.999775,-0.00105728,5.4757e-06,-0.0212059,1.0,0.0,0.0,0.0,0
30629751,-0.00986328,0.0126202,-0.000632394,-0.999774,0.000168019,0.000119552,-0.0212705,1.0,0.0,0.0,0.0,0
30730820,-0.00434125,0.00190812,0.0133347,-0.999776,0.000674325,8.91749e-05,-0.0211501,1.0,0.0,0.0,0.0,0
30830866,0.0130865,-0.0037287,0.00441912,-0.999775,0.000786162,4.84307e-05,-0.0211943,1.0,0.0,0.0,0.0,0
30933832,-0.0260269,-0.0368116,-0.00231121,-0.999776,0.000682551,0.000292563,-0.0211383,1.0,0.0,0.0,0.0,0
31033744,-0.0101288,-0.0143753,0.0229517,-0.99977,0.00077231,0.000377196,-0.0214461,1.0,0.0,0.0,0.0,0
31137745,-0.000688938,-0.0121463,0.00202054,-0.99977,0.000328873,0.000121717,-0.0214334,1.0,0.0,0.0,0.0,0
31238795,-0.0412758,0.0255784,-0.000982407,-0.999772,-6.8977e-05,0.000229945,-0.021335,1.0,0.0,0.0,0.0,0
31337921,-0.578839,-0.19086,-0.00656073,-0.999771,0.00228464,0.0016942,-0.0212146,1.0,0.0,0.0,0.0,0
31438790,-2.53116,-0.840135,-0.0787109,-0.997307,0.0668236,0.0235282,-0.0189652,1.0,0.0,0.0,0.0,0
31541778,-2.68074,-0.763245,-0.129279,-0.972819,0.219142,0.0738593,-0.0120448,1.0,0.0,0.0,0.0,0
31640822,-1.30751,-0.33645,-0.133922,-0.944958,0.310428,0.103348,-0.00270791,1.0,0.0,0.0,0.0,0
31744705,-0.459344,-0.133464,-0.160101,-0.930033,0.348263,0.117039,0.00731324,1.0,0.0,0.0,0.0,0
31848714,-0.146034,-0.0664327,-0.14067,-0.925247,0.358569,0.122779,0.0164853,1.0,0.0,0.0,0.0,0
31945773,-0.043245,-0.0506946,-0.1228,-0.924197,0.359807,0.126034,0.0226913,1.0,0.0,0.0,0.0,0
32049731,-0.0483291,-0.0291672,-0.0643073,-0.924153,0.358752,0.128435,0.0272654,1.0,0.0,0.0,0.0,0
32149788,-0.0596069,0.000576655,-0.0560075,-0.924171,0.357793,0.130596,0.0289294,1.0,0.0,0.0,0.0,0
32249738,-0.0634937,-0.0125297,-0.0240445,-0.924203,0.357297,0.131793,0.0285923,1.0,0.0,0.0,0.0,0
32354798,-0.0475923,0.0168061,-0.0143911,-0.924274,0.357209,0.131935,0.0266864,1.0,0.0,0.0,0.0,0
32454720,-0.0546984,0.0397855,-0.00985178,-0.924439,0.357303,0.131083,0.0237677,1.0,0.0,0.0,0.0,0
32557732,-0.0437827,0.0529431,-0.0184337,-0.924559,0.357968,0.128984,0.0203363,1.0,0.0,0.0,0.0,0
32657736,-0.0592941,0.106997,-0.0292774,-0.92474,0.358582,0.126508,0.0164697,1.0,0.0,0.0,0.0,0
32761798,-0.0916133,0.114782,-0.00487451,-0.92469,0.360039,0.123132,0.0126183,1.0,0.0,0.0,0.0,0
32861872,-0.073805,0.129946,-0.0166973,-0.924619,0.361557,0.119369,0.0103536,1.0,0.0,0.0,0.0,0
32961802,-0.0850945,0.118843,-0.0263568,-0.924532,0.363108,0.115428,0.00840099,1.0,0.0,0.0,0.0,0
33061736,-0.0762782,0.128784,-0.0368504,-0.924548,0.364404,0.111215,0.00721751,1.0,0.0,0.0,0.0,0
33165737,-0.0962797,0.134238,-0.0269386,-0.924431,0.365979,0.107005,0.00613363,1.0,0.0,0.0,0.0,0
33266759,-0.0788803,0.149571,-0.0489404,-0.924352,0.367375,0.102844,0.0057138,1.0,0.0,0.0,0.0,0
33370782,-0.0641072,0.13582,-0.0445951,-0.924316,0.368707,0.0983086,0.00548989,1.0,0.0,0.0,0.0,0
33469765,-0.0209403,0.160858,-0.0338302,-0.924353,0.369822,0.0936543,0.00565328,1.0,0.0,0.0,0.0,0
33573735,-0.0397463,0.128312,-0.0166643,-0.92428,0.371102,0.0892051,0.00570755,1.0,0.0,0.0,0.0,0
33672758,-0.0212588,0.088828,0.000826917,-0.924115,0.372453,0.085213,0.00541408,1.0,0.0,0.0,0.0,0
33776731,-0.0404412,0.11011,-0.0144803,-0.924044,0.373632,0.080709,0.00531084,1.0,0.0,0.0,0.0,0
33877738,-0.0457588,0.0976597,-0.00129027,-0.92392,0.37486,0.0763363,0.0050419,1.0,0.0,0.0,0.0,0
33977741,-0.0291783,0.0747861,0.0106652,-0.923871,0.37586,0.0719184,0.00452006,1.0,0.0,0.0,0.0,0
34077735,-0.0252526,0.0818168,0.0260846,-0.923893,0.37663,0.0674979,0.00407119,1.0,0.0,0.0,0.0,0
34181747,-0.0436504,0.109933,0.0204983,-0.923829,0.3776,0.0628256,0.00328118,1.0,0.0,0.0,0.0,0
34281738,-0.0135278,0.0868398,0.035957,-0.923786,0.37844,0.0582902,0.00230517,1.0,0.0,0.0,0.0,0
34385736,0.0168951,0.115962,0.023943,-0.923856,0.379028,0.0531504,0.00146603,1.0,0.0,0.0,0.0,0
34485750,0.0151019,0.137931,0.0464322,-0.923857,0.379715,0.0480142,0.000330945,1.0,0.0,0.0,0.0,0
34585789,-0.00944059,0.122617,0.0680121,-0.92395,0.380149,0.0424469,-0.00129497,1.0,0.0,0.0,0.0,0
34685722,-0.0474384,0.0660824,0.075153,-0.923907,0.380838,0.0367275,-0.00302299,1.0,0.0,0.0,0.0,0
34790767,-0.0445612,0.0803746,0.0782256,-0.924084,0.381022,0.0294344,-0.00494705,1.0,0.0,0.0,0.0,0
34889736,-0.0680045,0.0920768,0.089622,-0.924406,0.380662,0.022726,-0.00727354,1.0,0.0,0.0,0.0,0
34993739,-0.0690099,0.0654544,0.10873,-0.924696,0.380145,0.0177594,-0.0105738,1.0,0.0,0.0,0.0,0
35093742,-0.0535575,0.0518369,0.0707961,-0.925017,0.37938,0.0147817,-0.0140161,1.0,0.0,0.0,0.0,0
35193729,-0.0344908,0.0513337,0.0579846,-0.925299,0.378628,0.0132842,-0.0169038,1.0,0.0,0.0,0.0,0
35296994,-0.042908,0.0207603,0.0281629,-0.925573,0.377886,0.0125441,-0.0189609,1.0,0.0,0.0,0.0,0
35398877,-0.0572182,0.00817023,0.0251923,-0.925846,0.377197,0.011812,-0.0198113,1.0,0.0,0.0,0.0,0
35501897,-0.07614,-0.00104904,0.0178908,-0.925737,0.377511,0.0108682,-0.0194678,1.0,0.0,0.0,0.0,0
35601748,-0.0564769,-0.0314637,-0.00901737,-0.925864,0.377242,0.0108206,-0.0186235,1.0,0.0,0.0,0.0,0
35700703,-0.0844836,-0.0200552,0.00850757,-0.926081,0.376769,0.0107415,-0.0174101,1.0,0.0,0.0,0.0,0
35804697,-0.0586814,-0.0298015,-0.0100468,-0.926172,0.376589,0.0114311,-0.0160011,1.0,0.0,0.0,0.0,0
35906768,-0.0916634,-0.00932472,0.0143951,-0.926088,0.376835,0.0118168,-0.0147446,1.0,0.0,0.0,0.0,0
36009746,-0.100229,0.0192477,0.0477231,-0.926238,0.376478,0.012574,-0.0137461,1.0,0.0,0.0,0.0,0
36110756,-0.0999166,-0.0203669,0.0197118,-0.926154,0.376699,0.0132385,-0.0127227,1.0,0.0,0.0,0.0,0
36209786,-0.121627,-0.00369795,0.0131577,-0.925981,0.377151,0.0132165,-0.0118998,1.0,0.0,0.0,0.0,0
36310744,-0.101435,-0.0232903,0.0500253,-0.9257,0.377864,0.0130709,-0.0113307,1.0,0.0,0.0,0.0,0
36414738,-0.0745313,-0.0261564,0.0334961,-0.92558,0.378167,0.0130035,-0.0110458,1.0,0.0,0.0,0.0,0
36514733,3.75352,0.0698116,0.0505177,-0.956039,0.292856,0.00994075,-0.0111752,1.0,0.0,0.0,0.0,0
36617974,2.43454,0.0348118,0.0196188,-0.991804,0.127214,0.00434051,-0.0110301,1.0,0.0,0.0,0.0,0
36718723,0.766831,0.0212269,0.0226585,-0.999109,0.0407846,0.00140917,-0.0107561,1.0,0.0,0.0,0.0,0
36820876,0.131884,0.00503391,0.0374244,-0.999911,0.00780856,0.000689825,-0.0108177,1.0,0.0,0.0,0.0,0
36921739,0.0630057,0.0544767,0.0147583,-0.999938,-0.000386651,0.00080274,-0.0111407,1.0,0.0,0.0,0.0,0
37022768,-0.00781885,0.0572887,0.0219971,-0.999924,-0.00206975,0.000523523,-0.0121734,1.0,0.0,0.0,0.0,0
37125748,-0.00462937,0.02892,0.011635,-0.999908,-0.00117805,8.08239e-06,-0.0135396,1.0,0.0,0.0,0.0,0
37225745,-0.00351808,-0.035339,0.00274697,-0.999876,2.84907e-05,-0.000880454,-0.0157551,1.0,0.0,0.0,0.0,0
37327826,0.0297146,-0.0770864,0.0163072,-0.999823,0.000611231,-0.00249172,-0.0186572,1.0,0.0,0.0,0.0,0
37427799,0.0113898,-0.0658584,0.00131068,-0.999724,0.000966946,-0.00434198,-0.0230688,1.0,0.0,0.0,0.0,0
37530943,-0.0503647,-0.0359987,0.043989,-0.999524,0.00117252,-0.00611363,-0.0302171,1.0,0.0,0.0,0.0,0
37633015,-0.0719441,-0.0645656,0.0423009,-0.999209,0.00120173,-0.00782139,-0.0389804,1.0,0.0,0.0,0.0,0
37732731,0.0124341,-0.0952048,-0.000405974,-0.998874,0.000382155,-0.00829699,-0.0467178,1.0,0.0,0.0,0.0,0
37836843,-0.0234035,-0.101433,-0.0317736,-0.998506,0.000296547,-0.00882807,-0.0539304,1.0,0.0,0.0,0.0,0
37933731,0.0350424,-0.0957459,-0.0831754,-0.998231,-0.000387204,-0.00878933,-0.0588065,1.0,0.0,0.0,0.0,0
38037771,0.0540555,-0.0922224,-0.0886564,-0.99807,-0.000110117,-0.00776346,-0.0616122,1.0,0.0,0.0,0.0,0
38137741,-0.00232951,-0.109708,-0.118832,-0.998035,-0.000238438,-0.00671903,-0.0622958,1.0,0.0,0.0,0.0,0
38242751,-0.0292122,-0.0934434,-0.140506,-0.998117,0.00028348,-0.00569022,-0.0610795,1.0,0.0,0.0,0.0,0
38341760,-0.0207742,-0.0908655,-0.149474,-0.998216,-1.34504e-05,-0.00507833,-0.0594909,1.0,0.0,0.0,0.0,0
38445747,-0.00596312,-0.0714048,-0.155271,-0.998351,7.83418e-05,-0.00446919,-0.0572325,1.0,0.0,0.0,0.0,0
38545808,0.0177304,-0.124151,-0.161188,-0.998494,0.000112637,-0.00380839,-0.0547366,1.0,0.0,0.0,0.0,0
38645784,0.0250713,-0.102118,-0.128571,-0.99864,0.000331155,-0.00326784,-0.0520275,1.0,0.0,0.0,0.0,0
38745742,0.00482533,-0.0513638,-0.130651,-0.998785,0.000285776,-0.0028086,-0.0492103,1.0,0.0,0.0,0.0,0
38850746,-0.0275032,-0.0727016,-0.115855,-0.99892,0.000567824,-0.00225899,-0.0464139,1.0,0.0,0.0,0.0,0
38949745,-0.00595486,-0.0504561,-0.0936878,-0.999019,0.000389363,-0.00227398,-0.0442204,1.0,0.0,0.0,0.0,0
39054738,-0.00880977,-0.0167531,-0.0616121,-0.999102,0.00042029,-0.0018951,-0.0423376,1.0,0.0,0.0,0.0,0
39154786,-0.00489281,-0.0269702,-0.0581267,-0.99915,0.00048619,-0.00175066,-0.0411733,1.0,0.0,0.0,0.0,0
39257948,-0.0108198,-0.0336316,-0.0675737,-0.999178,0.000181596,-0.00156792,-0.0405162,1.0,0.0,0.0,0.0,0
39357722,0.0194564,-0.00314527,-0.0524486,-0.999192,9.44485e-05,-0.00130719,-0.0401734,1.0,0.0,0.0,0.0,0
39457773,0.0111622,-0.0210908,-0.0288293,-0.999212,0.000280398,-0.0010102,-0.0396911,1.0,0.0,0.0,0.0,0
39561733,-0.00181852,-0.0121244,-0.0479036,-0.999236,0.000174382,-0.000973307,-0.0390674,1.0,0.0,0.0,0.0,0
39661869,-0.0270552,-0.036447,-0.0308448,-0.999247,0.00039912,-0.000908061,-0.0387953,1.0,0.0,0.0,0.0,0
39761743,-0.00119473,-0.0241841,-0.0325631,-0.999256,0.000176422,-0.000997349,-0.0385568,1.0,0.0,0.0,0.0,0
39866757,-0.0032979,-0.0157438,-0.00829545,-0.999274,0.000105506,-0.000864564,-0.0381012,1.0,0.0,0.0,0.0,0
39965008,0.0515606,-0.0224654,-0.0193461,-0.999285,-0.000125943,-0.000698999,-0.0378002,1.0,0.0,0.0,0.0,0
40069592,0.0354292,0.00402467,-0.0141443,-0.999298,0.000582959,-0.000521606,-0.0374649,1.0,0.0,0.0,0.0,0
40170777,0.01486,-0.00276858,-0.0234663,-0.999301,0.000687199,-0.000267952,-0.0373707,1.0,0.0,0.0,0.0,0
40270725,0.0116073,-0.00640173,0.00927204,-0.999274,0.000303651,-0.000157442,-0.0380945,1.0,0.0,0.0,0.0,0
40370756,0.00513944,-0.0250693,0.0401201,-0.999186,-0.000161402,-0.000148004,-0.0403475,1.0,0.0,0.0,0.0,0
40473974,0.0232571,0.0145536,0.0822307,-0.99899,-5.09531e-05,-0.000145528,-0.0449249,1.0,0.0,0.0,0.0,0
40573734,0.0195409,-0.00673637,0.135794,-0.998678,-7.88821e-05,-0.000163166,-0.0514048,1.0,0.0,0.0,0.0,0
40677738,-0.0314105,-0.0161301,0.165061,-0.998186,0.000248635,5.91121e-05,-0.0602027,1.0,0.0,0.0,0.0,0
40777833,-0.0873079,-0.0449133,0.167979,-0.997526,0.000731747,0.000328441,-0.0702924,1.0,0.0,0.0,0.0,0
40877761,-0.0121327,-0.0117368,0.173931,-0.996726,0.000267104,-5.15563e-05,-0.0808524,1.0,0.0,0.0,0.0,0
40982777,-0.0292879,-0.0144962,0.137977,-0.995862,-0.000126431,-0.000154969,-0.0908767,1.0,0.0,0.0,0.0,0
41082851,-0.0283741,0.00332707,0.104046,-0.995092,0.000384959,-9.34954e-05,-0.0989583,1.0,0.0,0.0,0.0,0
41182734,-0.0236261,0.0202629,0.059099,-0.994477,0.000523067,-3.88887e-05,-0.104952,1.0,0.0,0.0,0.0,0
41285739,0.0161513,0.0126509,0.0303146,-0.994039,0.000602168,-0.0005235,-0.109024,1.0,0.0,0.0,0.0,0
41385721,0.0590528,-0.00525168,0.0188629,-0.99379,2.52447e-05,-0.000328841,-0.111273,1.0,0.0,0.0,0.0,0
41490733,-0.000217988,-0.00447862,-0.00937968,-0.993694,-0.000210579,-0.000263377,-0.112124,1.0,0.0,0.0,0.0,0
41589723,-0.00136607,-0.0163783,-0.0362489,-0.993719,-0.000144239,-0.000215775,-0.1119,1.0,0.0,0.0,0.0,0
41693858,0.0110693,-0.030161,-0.0277545,-0.993821,-7.24804e-05,-0.000182249,-0.110992,1.0,0.0,0.0,0.0,0
41793787,0.00381196,-0.0286932,-0.0436205,-0.99397,3.76409e-05,-0.000347757,-0.109651,1.0,0.0,0.0,0.0,0
41893782,0.00795461,0.0157581,-0.0394425,-0.994127,0.000220596,-0.0004622,-0.108217,1.0,0.0,0.0,0.0,0
41992744,-0.00619751,0.0265952,-0.0293764,-0.994295,0.000114856,-0.0003986,-0.106664,1.0,0.0,0.0,0.0,0
42096983,0.00399168,-0.00639629,-0.0122681,-0.994415,-0.000228321,-0.000531328,-0.105538,1.0,0.0,0.0,0.0,0
42200738,-0.00466196,0.0216073,-0.0200059,-0.994521,-0.000154997,-0.000278709,-0.104536,1.0,0.0,0.0,0.0,0
42302771,-0.00249174,-0.000716548,-0.0321328,-0.994611,-3.49295e-05,0.000202117,-0.103676,1.0,0.0,0.0,0.0,0
42403723,-0.0103509,0.0192274,-0.0157597,-0.994658,5.52909e-05,0.000469766,-0.103224,1.0,0.0,0.0,0.0,0
42501780,-0.00773471,-0.0112384,-0.0101666,-0.994705,0.000217851,0.000644611,-0.102766,1.0,0.0,0.0,0.0,0
42606737,-0.0204761,-0.0102244,-0.0122691,-0.994734,0.000266093,0.000648033,-0.102489,1.0,0.0,0.0,0.0,0
42705785,-0.00583273,-0.0211621,-0.0157984,-0.994756,0.000600872,0.000914131,-0.102274,1.0,0.0,0.0,0.0,0
42809721,-0.00605503,-0.0306174,0.0149736,-0.994763,0.000443036,0.000804033,-0.102207,1.0,0.0,0.0,0.0,0
42909865,-0.0417463,-0.0553573,-0.00218196,-0.994778,0.000278497,0.00055197,-0.102061,1.0,0.0,0.0,0.0,0
43009735,-0.0624275,-0.0761102,0.0235135,-0.994782,0.000193602,0.000677739,-0.102021,1.0,0.0,0.0,0.0,0
43114741,-0.13978,-0.104663,-0.00336483,-0.994771,0.00117218,0.00141833,-0.102113,1.0,0.0,0.0,0.0,0
43214773,0.0185417,0.0323444,-0.00755716,-0.994784,0.00162757,0.00181717,-0.101977,1.0,0.0,0.0,0.0,0
43317825,0.00242783,0.0023046,0.0119342,-0.994791,0.000842397,0.00100048,-0.101924,1.0,0.0,0.0,0.0,0
43418773,0.0322034,0.00787796,0.0149557,-0.994797,0.000299753,0.000576778,-0.101872,1.0,0.0,0.0,0.0,0
43517782,0.0104115,0.0344454,0.00278851,-0.994794,-0.000252284,-2.8794e-05,-0.101906,1.0,0.0,0.0,0.0,0
43619732,0.00251941,0.0119588,-0.0178004,-0.994774,-0.000775866,-0.000183074,-0.1021,1.0,0.0,0.0,0.0,0
43722961,0.0139569,0.0180872,-0.0268104,-0.994861,-0.000749811,-0.000625525,-0.101248,1.0,0.0,0.0,0.0,0
43822724,-0.0542997,-0.00061968,-0.206486,-0.99551,-2.81512e-05,0.000253561,-0.094653,1.0,0.0,0.0,0.0,0
43926743,-0.051665,0.00547273,-0.29551,-0.996696,0.000730952,0.00150874,-0.0812096,1.0,0.0,0.0,0.0,0
44025795,0.00283571,0.0125786,-0.296153,-0.997832,0.000604853,0.00104974,-0.0657973,1.0,0.0,0.0,0.0,0
44124697,0.00333729,-0.0132259,-0.273445,-0.998709,2.35079e-05,0.000356485,-0.0507976,1.0,0.0,0.0,0.0,0
44229200,-0.0138621,-0.0219086,-0.215037,-0.99931,-0.000948046,0.00087976,-0.0371205,1.0,0.0,0.0,0.0,0
44332771,-0.00628635,-0.022196,-0.131134,-0.999647,-0.00154012,0.00167118,-0.0264724,1.0,0.0,0.0,0.0,0
44433735,-0.0319865,-0.0117866,-0.0925504,-0.999815,-0.00187189,0.00150413,-0.0191058,1.0,0.0,0.0,0.0,0
44533737,-0.0359957,-0.00609913,-0.0274416,-0.999902,-0.00121769,0.000610393,-0.013961,1.0,0.0,0.0,0.0,0
44634736,0.0165916,0.0240814,0.0182821,-0.999942,-0.000975977,0.000566519,-0.0107062,1.0,0.0,0.0,0.0,0
44738766,0.0226321,0.0128235,0.0592089,-0.999957,-0.000647282,0.000286075,-0.00928466,1.0,0.0,0.0,0.0,0
44838750,0.0261344,0.0375772,0.0536764,-0.999963,-0.000588447,9.23442e-05,-0.0085681,1.0,0.0,0.0,0.0,0
44941731,-0.0230398,-0.00265936,0.0781161,-0.99996,-0.000264861,-0.000132066,-0.00896344,1.0,0.0,0.0,0.0,0
45042932,0.00161983,0.017929,0.073007,-0.999952,-9.57634e-05,0.000206451,-0.00981854,1.0,0.0,0.0,0.0,0
45142737,-0.0101925,-0.0296147,0.083132,-0.999942,6.22583e-05,0.000294302,-0.0107699,1.0,0.0,0.0,0.0,0
45245738,-0.00111487,-0.0183114,0.0860183,-0.999932,0.000313211,5.473e-05,-0.0116306,1.0,0.0,0.0,0.0,0
45345735,3.39631,-0.361625,0.101317,-0.998769,-0.0477143,0.00503497,-0.0125931,1.0,0.0,0.0,0.0,0
45445745,2.57519,-0.242044,0.0941156,-0.989073,-0.146082,0.0138351,-0.0142895,1.0,0.0,0.0,0.0,0
45550733,1.99555,-0.161686,0.0960869,-0.971684,-0.234826,0.0205072,-0.0163285,1.0,0.0,0.0,0.0,0
45649739,0.295098,0.0248835,0.0917048,-0.955974,-0.291806,0.024328,-0.0192882,1.0,0.0,0.0,0.0,0
45750906,-0.0374428,0.0670703,0.0673305,-0.947668,-0.31745,0.0248313,-0.023095,1.0,0.0,0.0,0.0,0
45854757,-0.183728,0.0952866,0.0391609,-0.948783,-0.31399,0.0219888,-0.0271679,1.0,0.0,0.0,0.0,0
45954722,-0.295827,0.102441,0.0221615,-0.954376,-0.296523,0.0176174,-0.0304846,1.0,0.0,0.0,0.0,0
46053735,-0.510291,0.139365,-0.0149506,-0.961824,-0.271473,0.0123714,-0.0323216,1.0,0.0,0.0,0.0,0
46157732,-0.663165,0.158644,-0.0281696,-0.969586,-0.242448,0.00653097,-0.0328534,1.0,0.0,0.0,0.0,0
46256795,-0.730839,0.115953,-0.0489893,-0.976864,-0.211388,0.00150532,-0.0324076,1.0,0.0,0.0,0.0,0
46360724,-0.797205,0.0690509,-0.073274,-0.984014,-0.175345,-0.00243797,-0.031046,1.0,0.0,0.0,0.0,0
46462746,-0.738836,0.00123791,-0.0416761,-0.990422,-0.134781,-0.00524137,-0.0295093,1.0,0.0,0.0,0.0,0
46562868,-0.779441,0.0257102,-0.0485014,-0.995251,-0.0929142,-0.00724124,-0.0281122,1.0,0.0,0.0,0.0,0
46666735,-0.745603,0.0171647,-0.060525,-0.998283,-0.0516044,-0.00727874,-0.0267258,1.0,0.0,0.0,0.0,0
46766769,-0.721011,-0.0475674,-0.0411574,-0.999548,-0.0141976,-0.00593796,-0.0258435,1.0,0.0,0.0,0.0,0
46869765,-0.644322,0.00199321,-0.0338696,-0.999445,0.0216698,-0.00404107,-0.024972,1.0,0.0,0.0,0.0,0
46969725,-0.572077,0.00162379,-0.0291803,-0.998275,0.053272,-0.00282797,-0.0245129,1.0,0.0,0.0,0.0,0
47070733,-0.509249,-0.045258,-0.0364127,-0.996383,0.0814456,-0.0015752,-0.0241747,1.0,0.0,0.0,0.0,0
47174761,-2.33684,0.0461082,-0.0256045,-0.991692,0.126378,-0.00102106,-0.023984,1.0,0.0,0.0,0.0,0
47273720,-2.25856,0.0406589,-0.0112025,-0.966449,0.255773,-0.0015858,-0.0235393,1.0,0.0,0.0,0.0,0
47377994,-0.977317,-0.0306865,-0.00546832,-0.940046,0.340225,-0.00127848,-0.0236355,1.0,0.0,0.0,0.0,0
47477736,-0.319634,-0.0336582,0.0127231,-0.92815,0.371413,-0.000702381,-0.0242751,1.0,0.0,0.0,0.0,0
47578733,0.340843,0.000198911,-0.000331176,-0.927569,0.372772,0.000183634,-0.0256066,1.0,0.0,0.0,0.0,0
47678825,1.15151,0.00953525,-0.0127944,-0.944002,0.328862,0.000124558,-0.0266344,1.0,0.0,0.0,0.0,0
47782737,1.09941,0.00110235,-0.02063,-0.963112,0.267734,-4.43161e-05,-0.0270997,1.0,0.0,0.0,0.0,0
47882763,0.752451,0.0280062,-0.00998809,-0.974414,0.223081,-0.000267805,-0.0274195,1.0,0.0,0.0,0.0,0
47986812,0.384485,-0.0069473,-0.0281905,-0.980293,0.195666,-0.00118665,-0.0271847,1.0,0.0,0.0,0.0,0
48086770,0.151176,-0.0144034,-0.0260534,-0.983066,0.181312,-0.00344111,-0.0263641,1.0,0.0,0.0,0.0,0
48185723,0.106855,-0.00794215,-0.00259986,-0.984476,0.173569,-0.00458567,-0.0256816,1.0,0.0,0.0,0.0,0
48290758,0.104976,-0.00558997,-0.0228924,-0.985742,0.166349,-0.00555236,-0.024705,1.0,0.0,0.0,0.0,0
48389788,0.187745,0.017358,-0.0109776,-0.986974,0.158965,-0.00619598,-0.0239568,1.0,0.0,0.0,0.0,0
48493737,0.177059,0.00837092,-0.0110607,-0.988219,0.151114,-0.00648816,-0.0233425,1.0,0.0,0.0,0.0,0
48592851,0.201283,-0.0151414,-0.0134589,-0.989562,0.142174,-0.00692306,-0.0224842,1.0,0.0,0.0,0.0,0
48697177,0.263229,-0.00332406,-0.0150586,-0.991043,0.131514,-0.00769595,-0.0218819,1.0,0.0,0.0,0.0,0
48794773,0.203686,-0.0199173,0.00365296,-0.992377,0.121096,-0.00792593,-0.0214504,1.0,0.0,0.0,0.0,0
48898735,0.167376,0.0156477,0.00841195,-0.99366,0.110047,-0.00853126,-0.0213915,1.0,0.0,0.0,0.0,0
48998824,0.212441,-0.0170338,0.0218792,-0.994963,0.0975326,-0.00878766,-0.0214148,1.0,0.0,0.0,0.0,0
49101924,0.266394,0.006818,0.00564017,-0.996237,0.0835042,-0.00895371,-0.0214064,1.0,0.0,0.0,0.0,0
49202768,0.242827,0.0159908,0.00552117,-0.997231,0.0706354,-0.00913436,-0.0213676,1.0,0.0,0.0,0.0,0
49297085,0.220959,0.0138646,0.0129192,-0.99788,0.0606445,-0.00963104,-0.0215833,1.0,0.0,0.0,0.0,0
49406793,0.214476,0.0302088,-0.00705218,-0.99852,0.0488429,-0.00991138,-0.0217489,1.0,0.0,0.0,0.0,0
49506735,0.201939,-0.013255,0.00784327,-0.998984,0.0379928,-0.0105878,-0.0218001,1.0,0.0,0.0,0.0,0
49610853,0.201733,-0.0743499,0.00463052,-0.999347,0.0266932,-0.0108848,-0.021802,1.0,0.0,0.0,0.0,0
49709806,0.195953,0.0169983,0.0171725,-0.999574,0.0165276,-0.0102504,-0.0217736,1.0,0.0,0.0,0.0,0
49810886,0.210644,0.055297,0.00424254,-0.999685,0.00635118,-0.0105504,-0.0218584,1.0,0.0,0.0,0.0,0
49910775,0.224062,0.0269788,0.00314082,-0.999683,-0.00311949,-0.0120126,-0.0219009,1.0,0.0,0.0,0.0,0
50014801,0.123403,-0.0694971,0.00125471,-0.999606,-0.0115982,-0.012987,-0.0220234,1.0,0.0,0.0,0.0,0
50117722,0.142735,-0.0322059,-0.000926061,-0.999471,-0.0199302,-0.0130507,-0.0221508,1.0,0.0,0.0,0.0,0
50217803,0.147099,-0.013348,0.00321496,-0.9993,-0.0270646,-0.0135071,-0.0220011,1.0,0.0,0.0,0.0,0
50318777,0.125994,0.0199282,0.0104911,-0.999125,-0.0328817,-0.0137457,-0.0218783,1.0,0.0,0.0,0.0,0
50422731,0.0927594,0.0157773,-0.025529,-0.998955,-0.038068,-0.0131129,-0.021655,1.0,0.0,0.0,0.0,0
50521215,0.0909092,-0.0374552,0.00773659,-0.998777,-0.0427075,-0.0124185,-0.0216164,1.0,0.0,0.0,0.0,0
50624776,0.0934464,-0.00988319,-0.00246289,-0.998573,-0.0470805,-0.0127013,-0.0217716,1.0,0.0,0.0,0.0,0
50726779,0.0914645,-0.0158183,0.00410851,-0.998395,-0.0507753,-0.0127006,-0.021635,1.0,0.0,0.0,0.0,0
50826897,0.0545226,-0.0222543,0.0176753,-0.998294,-0.0528947,-0.0120317,-0.0215784,1.0,0.0,0.0,0.0,0
50926740,-0.0391368,-0.0434677,-0.0135896,-0.998241,-0.0540618,-0.0113214,-0.0215687,1.0,0.0,0.0,0.0,0
51030760,-0.0123524,-0.0334555,-0.00508661,-0.998201,-0.0550673,-0.0102103,-0.0214201,1.0,0.0,0.0,0.0,0
51130742,0.015873,-0.0347401,0.0115569,-0.998139,-0.0562374,-0.00965339,-0.0215347,1.0,0.0,0.0,0.0,0
51233735,0.00170459,-0.0211432,-0.0224989,-0.998118,-0.0566316,-0.00962037,-0.0214675,1.0,0.0,0.0,0.0,0
51334816,-0.0083339,0.0312859,0.00764767,-0.998152,-0.0561038,-0.00925317,-0.0214538,1.0,0.0,0.0,0.0,0
51434812,-0.160042,0.0177658,-0.0230473,-0.998246,-0.0544688,-0.0088782,-0.0214311,1.0,0.0,0.0,0.0,0
51538768,-0.146615,-0.00114082,-0.0113063,-0.998333,-0.0529424,-0.00843547,-0.0214001,1.0,0.0,0.0,0.0,0
51638823,-0.0149294,-0.00753055,-0.0305764,-0.99851,-0.0495853,-0.0077727,-0.0214112,1.0,0.0,0.0,0.0,0
51738750,0.047816,-0.0399489,0.00525746,-0.998604,-0.0478454,-0.0065884,-0.0213916,1.0,0.0,0.0,0.0,0
51842790,-0.0162915,-0.0444644,-0.00645048,-0.998691,-0.0460484,-0.00558627,-0.0215506,1.0,0.0,0.0,0.0,0
51945731,-0.0459088,-0.00210727,-0.00962246,-0.998791,-0.0439487,-0.00432726,-0.0216138,1.0,0.0,0.0,0.0,0
52045738,-0.0522243,-0.00188085,0.00168046,-0.998902,-0.0412564,-0.00370635,-0.0218993,1.0,0.0,0.0,0.0,0
52146743,-0.0763981,-0.0138692,-0.0286701,-0.99905,-0.0375597,-0.00312125,-0.0218703,1.0,0.0,0.0,0.0,0
52246730,-0.0363359,0.0267926,0.00976757,-0.999185,-0.0339394,-0.0027108,-0.021688,1.0,0.0,0.0,0.0,0
52349727,-0.056418,0.0338749,0.00721888,-0.999323,-0.0295776,-0.0016518,-0.0218201,1.0,0.0,0.0,0.0,0
52450750,-0.0738617,-0.0148029,-0.00279058,-0.999421,-0.0259092,-0.00201343,-0.0219482,1.0,0.0,0.0,0.0,0
52548745,-0.0644439,-0.000624709,-0.00106442,-0.999511,-0.0222374,-0.00226651,-0.0218676,1.0,0.0,0.0,0.0,0
52653064,-0.0641184,0.0156836,-0.00468187,-0.999588,-0.0185022,-0.00149411,-0.021881,1.0,0.0,0.0,0.0,0
52756793,-0.0513442,-0.0182661,0.0104621,-0.999647,-0.0150317,-0.000627473,-0.021878,1.0,0.0,0.0,0.0,0
52858744,-0.0401876,0.00249471,-0.0129087,-0.999691,-0.0115066,-0.000195194,-0.0220511,1.0,0.0,0.0,0.0,0
52958767,-0.0432958,-0.027616,-0.00178677,-0.999719,-0.00815155,-0.000331963,-0.0222437,1.0,0.0,0.0,0.0,0
53058802,-0.100509,-0.0411321,0.00353993,-0.999739,-0.00460907,-7.58766e-05,-0.0223759,1.0,0.0,0.0,0.0,0
53162771,-0.0746131,0.00851843,-0.00917036,-0.999747,-0.00165233,-0.000591973,-0.0224183,1.0,0.0,0.0,0.0,0
53262750,-0.0366057,0.0437495,0.00865661,-0.999747,0.000283056,-0.00101774,-0.0224749,1.0,0.0,0.0,0.0,0
53362938,-0.013402,0.00737671,1.87412e-05,-0.999745,0.002357,-0.00103104,-0.0224554,1.0,0.0,0.0,0.0,0
53466685,0.0916932,-0.189143,-0.00438696,-0.999743,0.00218864,0.00264867,-0.0223913,1.0,0.0,0.0,0.0,0
53566622,0.293146,-0.385145,-0.0167513,-0.999576,-0.0073484,0.017193,-0.0223106,1.0,0.0,0.0,0.0,0
53670743,0.464396,-0.610508,0.00833428,-0.998436,-0.0271696,0.0435727,-0.022098,1.0,0.0,0.0,0.0,0
53770626,0.671954,-0.851874,-0.00640397,-0.995009,-0.0557174,0.0796823,-0.0224396,1.0,0.0,0.0,0.0,0
53870660,0.822037,-1.06878,0.00074172,-0.987334,-0.093437,0.126211,-0.0226314,1.0,0.0,0.0,0.0,0
53974638,1.0334,-1.26873,-0.00473534,-0.972154,-0.142036,0.184979,-0.0229024,1.0,0.0,0.0,0.0,0
54074648,1.20582,-1.50555,-0.0140095,-0.947471,-0.197126,0.250795,-0.023274,1.0,0.0,0.0,0.0,0
54178633,1.3762,-1.73673,0.00311198,-0.907672,-0.261579,0.327338,-0.0236173,1.0,0.0,0.0,0.0,0
54278646,1.5756,-1.93479,-0.00322562,-0.852086,-0.329043,0.406331,-0.0239966,1.0,0.0,0.0,0.0,0
54378630,1.75808,-2.16487,0.00823384,-0.775722,-0.399237,0.488158,-0.0237945,1.0,0.0,0.0,0.0,0
54482660,1.94624,-2.38197,0.00190918,-0.671071,-0.471787,0.571441,-0.0231555,1.0,0.0,0.0,0.0,0
54582620,2.14384,-2.61998,-0.00555063,-0.543657,-0.536549,0.645034,-0.021989,1.0,0.0,0.0,0.0,0
54681049,2.31928,-2.80503,-0.0109088,-0.392029,-0.5905,0.705127,-0.020472,1.0,0.0,0.0,0.0,0
54784721,2.48642,-3.03241,-0.00863092,-0.205421,-0.630724,0.748112,-0.017818,1.0,0.0,0.0,0.0,0
54888818,2.67162,-3.25914,-0.0110639,0.00511113,-0.646954,0.762375,-0.0144181,1.0,0.0,0.0,0.0,0
54990631,2.85575,-3.4967,0.00918827,0.225047,-0.632841,0.740782,-0.0104215,1.0,0.0,0.0,0.0,0
55090629,3.04666,-3.68847,-0.000989014,0.443412,-0.584554,0.67945,-0.00551093,1.0,0.0,0.0,0.0,0
55190644,3.23165,-3.93528,0.0041381,0.648739,-0.498898,0.574664,-0.000594394,1.0,0.0,0.0,0.0,0
55290743,3.422,-4.15523,0.000678292,0.823136,-0.375375,0.426053,0.0044295,1.0,0.0,0.0,0.0,0
55393675,3.58761,-4.39127,-0.00849738,0.949023,-0.21289,0.232271,0.00914015,1.0,0.0,0.0,0.0,0
55494647,3.77495,-4.5823,-0.0108562,0.999454,-0.027764,0.0127439,0.0125673,1.0,0.0,0.0,0.0,0
55598751,3.97314,-4.8321,-0.0162326,0.958205,0.174624,-0.226123,0.0147329,1.0,0.0,0.0,0.0,0
55694652,4.14081,-5.03767,-0.00498351,0.827713,0.353085,-0.435878,0.0152686,1.0,0.0,0.0,0.0,0
55802665,4.34093,-5.25963,-0.00705029,0.576922,0.519304,-0.630296,0.0145053,1.0,0.0,0.0,0.0,0
55902635,4.50602,-5.46993,-0.0121989,0.263772,0.616294,-0.74192,0.0126464,1.0,0.0,0.0,0.0,0
56002619,4.69285,-5.71538,-0.00430373,-0.0952587,0.638389,-0.763733,0.00988801,1.0,0.0,0.0,0.0,0
56104842,4.87022,-5.93161,-0.0168452,-0.461783,0.571431,-0.678366,0.00654352,1.0,0.0,0.0,0.0,0
56206688,5.06102,-6.16086,-0.0179047,-0.769971,0.414505,-0.485098,0.00324016,1.0,0.0,0.0,0.0,0
56306866,5.24809,-6.37914,-0.0117204,-0.959128,0.189511,-0.210138,-0.000533616,1.0,0.0,0.0,0.0,0
56410723,1.37873,-1.31904,0.0413864,-0.997653,0.050505,-0.0461224,-0.00318769,1.0,0.0,0.0,0.0,0
56510791,0.219945,-0.0844458,0.0648307,-0.999813,0.0148965,-0.0106549,-0.00617247,1.0,0.0,0.0,0.0,0
56610775,0.0330699,-0.0171053,0.0704443,-0.999917,0.00647009,-0.00433487,-0.0102698,1.0,0.0,0.0,0.0,0
56715745,-0.00294854,-0.0382089,0.0843713,-0.999862,0.00539059,-0.00524102,-0.0148337,1.0,0.0,0.0,0.0,0
56813207,0.0225205,-0.00574532,0.037625,-0.999797,0.00574484,-0.00634746,-0.018239,1.0,0.0,0.0,0.0,0
56917003,0.00278652,-0.00363517,0.0387213,-0.999747,0.00592361,-0.00687251,-0.0205903,1.0,0.0,0.0,0.0,0
57018737,0.00887423,0.00401897,0.00964866,-0.999721,0.00587084,-0.00722046,-0.0217037,1.0,0.0,0.0,0.0,0
57118789,0.00647554,-0.0305026,0.0353825,-0.999717,0.00569392,-0.00704929,-0.0220173,1.0,0.0,0.0,0.0,0
57222743,-0.0249141,0.00368545,0.00616469,-0.99972,0.00564759,-0.00668149,-0.0220089,1.0,0.0,0.0,0.0,0
57322747,-0.015796,0.0517547,-0.00919878,-0.999735,0.00512588,-0.00619682,-0.0215896,1.0,0.0,0.0,0.0,0
57426638,-0.0888883,0.12849,-0.00186931,-0.999724,0.00647285,-0.0079091,-0.0211483,1.0,0.0,0.0,0.0,0
57526634,-0.290243,0.325093,-0.0103008,-0.999475,0.0165026,-0.018854,-0.0205443,1.0,0.0,0.0,0.0,0
57626665,-0.478425,0.512435,-0.00690391,-0.998368,0.0362017,-0.0395233,-0.0197108,1.0,0.0,0.0,0.0,0
57730617,-0.642667,0.728008,-0.0202536,-0.995063,0.0664827,-0.0713444,-0.0184309,1.0,0.0,0.0,0.0,0
57830668,-0.846844,0.933325,-0.00563696,-0.988008,0.105143,-0.111766,-0.0171527,1.0,0.0,0.0,0.0,0
57930636,-1.04835,1.15983,-0.0422358,-0.974849,0.15286,-0.161467,-0.01524,1.0,0.0,0.0,0.0,0
58034669,-1.24017,1.35596,-0.0343972,-0.951745,0.210973,-0.222505,-0.0127547,1.0,0.0,0.0,0.0,0
58134732,-1.40618,1.57001,-0.045544,-0.917138,0.274351,-0.288947,-0.00999631,1.0,0.0,0.0,0.0,0
58238666,-1.61319,1.78765,-0.0440498,-0.864507,0.345955,-0.364557,-0.00645695,1.0,0.0,0.0,0.0,0
58338630,-1.77857,1.99309,-0.0683004,-0.79472,0.417676,-0.440411,-0.00243265,1.0,0.0,0.0,0.0,0
58438629,-1.98013,2.1897,-0.0615563,-0.702568,0.489323,-0.516678,0.00223817,1.0,0.0,0.0,0.0,0
58542625,-2.16091,2.40512,-0.0701562,-0.5807,0.559197,-0.591632,0.00765779,1.0,0.0,0.0,0.0,0
58642745,-2.33517,2.64893,-0.08089,-0.436892,0.617099,-0.654309,0.0139201,1.0,0.0,0.0,0.0,0
58742658,-2.4843,2.86154,-0.0784538,-0.268183,0.660025,-0.701436,0.0207987,1.0,0.0,0.0,0.0,0
58846633,-2.68022,3.08706,-0.100943,-0.0689645,0.682489,-0.727066,0.0287638,1.0,0.0,0.0,0.0,0
58944722,-2.84125,3.30974,-0.0975041,0.134973,0.67686,-0.722699,0.036721,1.0,0.0,0.0,0.0,0
59048762,-2.99881,3.53338,-0.0936306,0.358673,0.63675,-0.681042,0.0456581,1.0,0.0,0.0,0.0,0
59150651,-3.1478,3.77571,-0.118153,0.57114,0.558813,-0.598837,0.0540384,1.0,0.0,0.0,0.0,0
59250624,-3.29897,3.99375,-0.138091,0.756671,0.443946,-0.476066,0.0610161,1.0,0.0,0.0,0.0,0
59354658,-3.46537,4.23199,-0.124727,0.905565,0.286119,-0.306187,0.0658631,1.0,0.0,0.0,0.0,0
59454676,-3.61293,4.47229,-0.130455,0.986208,0.104654,-0.109546,0.0666464,1.0,0.0,0.0,0.0,0
59554617,-3.75437,4.70879,-0.147056,0.987942,-0.0934408,0.106755,0.0619847,1.0,0.0,0.0,0.0,0
59658622,-3.90468,4.95824,-0.154914,0.89303,-0.298692,0.332848,0.0499312,1.0,0.0,0.0,0.0,0
59758735,-3.13626,4.31029,-0.133295,0.714806,-0.4657,0.520792,0.030861,1.0,0.0,0.0,0.0,0
59858775,1.86933,-1.50215,-0.108384,0.631499,-0.509923,0.584082,0.00599033,1.0,0.0,0.0,0.0,0
59962739,3.63478,-3.62197,-0.0264282,0.790924,-0.394311,0.467763,-0.0124741,1.0,0.0,0.0,0.0,0
60062782,3.71431,-3.81796,0.0629122,0.925506,-0.2312,0.298866,-0.0257697,1.0,0.0,0.0,0.0,0
60166730,2.09189,-2.59786,0.153936,0.987419,-0.0912248,0.126753,-0.0248133,1.0,0.0,0.0,0.0,0
60266788,0.772079,-1.13932,0.202602,0.9986,-0.0279439,0.0415849,-0.016944,1.0,0.0,0.0,0.0,0
60366788,0.17787,-0.332793,0.196288,0.999895,-0.00679218,0.0105928,-0.00718923,1.0,0.0,0.0,0.0,0
60470884,0.0272312,-0.110946,0.206243,0.999994,-0.00113357,0.0010763,0.0029396,1.0,0.0,0.0,0.0,0
60570739,0.0191658,0.10574,0.164794,0.999933,-0.000530262,-0.00198463,0.0113854,1.0,0.0,0.0,0.0,0
60670734,0.0115259,0.0186844,0.12912,0.999835,-0.000879658,-0.000688785,0.0181112,1.0,0.0,0.0,0.0,0
60774732,-0.00148823,-0.0625376,0.0885498,0.99973,-0.00119826,0.000363486,0.0231851,1.0,0.0,0.0,0.0,0
60874756,-0.0187642,0.0127062,0.0425963,0.999658,-0.00110751,0.00117049,0.0260948,1.0,0.0,0.0,0.0,0
60978775,-0.00466182,0.0569139,0.0117963,0.999617,-0.00104236,0.000818451,0.0276387,1.0,0.0,0.0,0.0,0
61082784,0.0182696,0.0120831,-0.0154004,0.99962,-0.000830687,0.000300513,0.0275658,1.0,0.0,0.0,0.0,0
61180931,6.1152e-05,-0.0252134,-0.00932706,0.999646,-0.000888826,0.000194371,0.026603,1.0,0.0,0.0,0.0,0
61284952,0.0209998,-0.023214,-0.00382048,0.999677,-0.000910363,0.000379422,0.0254155,1.0,0.0,0.0,0.0,0
61386803,-0.00751665,-0.011269,-0.0130802,0.999708,-0.00103005,0.000303186,0.0241363,1.0,0.0,0.0,0.0,0
61486789,0.00163753,-0.00295665,-0.0185868,0.999737,-0.000986744,0.000300315,0.0229196,1.0,0.0,0.0,0.0,0
61590736,-0.0213407,-0.0223449,-0.0171232,0.999762,-0.00100393,0.000357941,0.0217781,1.0,0.0,0.0,0.0,0
61690738,2.04975,-2.86828,0.0709528,0.997898,0.0358273,-0.0493334,0.0219436,1.0,0.0,0.0,0.0,0
61790775,0.946323,-1.35247,0.0855599,0.989592,0.082832,-0.115013,0.0248835,1.0,0.0,0.0,0.0,0
61894744,0.562631,-0.908414,0.121176,0.976403,0.123493,-0.174766,0.0290531,1.0,0.0,0.0,0.0,0
61994838,0.454076,-0.804309,0.181882,0.957043,0.164023,-0.236382,0.0358893,1.0,0.0,0.0,0.0,0
62098733,0.519704,-0.818967,0.268658,0.937521,0.193577,-0.285367,0.0463411,1.0,0.0,0.0,0.0,0
62198775,0.345346,-0.501211,0.256406,0.928207,0.202833,-0.306585,0.057409,1.0,0.0,0.0,0.0,0
62300975,0.122213,-0.153642,0.214846,0.923774,0.204409,-0.316433,0.0687597,1.0,0.0,0.0,0.0,0
62402767,-0.0689008,0.104472,0.197469,0.921939,0.202492,-0.320751,0.0783887,1.0,0.0,0.0,0.0,0
62502733,-0.0279145,0.0338772,0.133037,0.919927,0.201937,-0.324922,0.0859171,1.0,0.0,0.0,0.0,0
62602736,0.000983208,0.0148784,0.088587,0.919302,0.200397,-0.326188,0.0912483,1.0,0.0,0.0,0.0,0
62706742,0.0958065,-0.140665,0.0485823,0.919514,0.19843,-0.325869,0.0944921,1.0,0.0,0.0,0.0,0
62806806,0.0747553,-0.129061,0.0173384,0.919478,0.19782,-0.325878,0.0960831,1.0,0.0,0.0,0.0,0
62910724,0.0503446,-0.0599179,-0.000760274,0.919569,0.19775,-0.325677,0.0960353,1.0,0.0,0.0,0.0,0
63010737,0.00897657,0.0114628,-0.0166472,0.919141,0.198691,-0.326519,0.0953283,1.0,0.0,0.0,0.0,0
63110948,0.00660465,0.0426974,-0.0423948,0.918943,0.19945,-0.327068,0.0937535,1.0,0.0,0.0,0.0,0
63215731,-0.0744053,0.114526,-0.0408076,0.91933,0.199946,-0.326163,0.0920465,1.0,0.0,0.0,0.0,0
63318870,-0.279813,0.396116,-0.0687347,0.924396,0.194787,-0.315228,0.0904505,1.0,0.0,0.0,0.0,0
63416985,-0.335668,0.580626,-0.11139,0.934299,0.183055,-0.292996,0.0879213,1.0,0.0,0.0,0.0,0
63520995,-0.29874,0.552936,-0.143801,0.946134,0.167483,-0.264236,0.0834249,1.0,0.0,0.0,0.0,0
63625012,-0.211591,0.472298,-0.150839,0.956598,0.152435,-0.236143,0.076947,1.0,0.0,0.0,0.0,0
63722760,-0.248845,0.477028,-0.164572,0.964941,0.139251,-0.21128,0.0697123,1.0,0.0,0.0,0.0,0
63826827,-0.249199,0.407983,-0.167808,0.971682,0.127656,-0.189083,0.0615347,1.0,0.0,0.0,0.0,0
63926767,-0.226806,0.346498,-0.152217,0.976536,0.118536,-0.171526,0.0539055,1.0,0.0,0.0,0.0,0
64030745,-0.185104,0.332629,-0.120184,0.980569,0.110064,-0.155533,0.0466883,1.0,0.0,0.0,0.0,0
64130778,-0.441583,0.714399,-0.11481,0.985501,0.0966333,-0.133417,0.040606,1.0,0.0,0.0,0.0,0
64231883,-0.748949,1.14751,-0.12651,0.993687,0.0638883,-0.0853003,0.0350425,1.0,0.0,0.0,0.0,0
64334838,-0.924624,1.29263,-0.113338,0.999165,0.0186295,-0.0211744,0.0295498,1.0,0.0,0.0,0.0,0
64434748,-0.812898,1.18767,-0.0724085,0.998572,-0.0244653,0.0400076,0.0255754,1.0,0.0,0.0,0.0,0
64534753,-0.640026,0.986472,-0.0344438,0.99333,-0.0636684,0.0933079,0.0231492,1.0,0.0,0.0,0.0,0
64638624,-0.830109,0.874056,0.0298785,0.985134,-0.0987861,0.13858,0.0234133,1.0,0.0,0.0,0.0,0
64738621,-1.62352,0.963409,0.0444383,0.969884,-0.159324,0.18179,0.0298953,1.0,0.0,0.0,0.0,0
64842625,-2.41358,1.04317,0.104031,0.937023,-0.260109,0.228625,0.045403,1.0,0.0,0.0,0.0,0
64942616,-3.19497,1.10348,0.173333,0.877287,-0.388929,0.272471,0.069718,1.0,0.0,0.0,0.0,0
65042653,-3.97937,1.17162,0.19489,0.775773,-0.540335,0.309028,0.10352,1.0,0.0,0.0,0.0,0
65146623,-4.81905,1.2006,0.24037,0.611271,-0.703668,0.330936,0.147244,1.0,0.0,0.0,0.0,0
65244803,-5.62561,1.17526,0.304385,0.390958,-0.838099,0.32742,0.19375,1.0,0.0,0.0,0.0,0
65350629,-6.45616,1.12842,0.343826,0.0845549,-0.922709,0.287504,0.242486,1.0,0.0,0.0,0.0,0
65450672,-7.26582,1.03055,0.390021,-0.250624,-0.903452,0.210272,0.277034,1.0,0.0,0.0,0.0,0
65550622,-8.06368,0.871655,0.448401,-0.585277,-0.751768,0.0982432,0.287479,1.0,0.0,0.0,0.0,0
65654676,-8.90773,0.657486,0.473675,-0.860432,-0.437875,-0.0389308,0.257694,1.0,0.0,0.0,0.0,0
65754704,-9.68712,0.411504,0.53103,-0.970409,-0.0128265,-0.161394,0.179148,1.0,0.0,0.0,0.0,0
65854662,-10.4893,0.0593748,0.574206,-0.858574,0.451119,-0.238172,0.0511526,1.0,0.0,0.0,0.0,0
65958626,-11.2703,-0.351647,0.631897,-0.485794,0.833757,-0.235639,-0.115444,1.0,0.0,0.0,0.0,0
66058756,-12.0105,-0.850024,0.671449,0.0502697,0.95156,-0.145406,-0.266201,1.0,0.0,0.0,0.0,0
66158767,-4.38989,-3.34016,0.702209,0.392343,0.821133,-0.0899068,-0.404628,1.0,0.0,0.0,0.0,0
66262735,-3.72448,-2.8196,0.745087,0.544994,0.63713,-0.101902,-0.535409,1.0,0.0,0.0,0.0,0
66362777,-3.7408,-1.66926,0.743604,0.65759,0.462535,-0.0813218,-0.589086,1.0,0.0,0.0,0.0,0
66462734,-3.70037,-1.29582,0.776801,0.745471,0.288863,-0.0361346,-0.599604,1.0,0.0,0.0,0.0,0
66566837,-2.31671,-0.95959,0.773419,0.8028,0.131247,0.0090522,-0.581554,1.0,0.0,0.0,0.0,0
66666788,-0.869549,-0.60985,0.785535,0.832105,0.0523684,0.0167936,-0.551885,1.0,0.0,0.0,0.0,0
66768836,-0.138129,-0.267042,0.785359,0.854642,0.0208608,0.00898314,-0.518721,1.0,0.0,0.0,0.0,0
66870749,0.0936141,-0.0649815,0.787279,0.874924,0.0116836,0.00131605,-0.484117,1.0,0.0,0.0,0.0,0
66970741,0.0350285,0.026383,0.796872,0.893383,0.00988987,-0.00242892,-0.449181,1.0,0.0,0.0,0.0,0
67074741,-0.055954,-0.019382,0.797931,0.911092,0.0108972,-0.00374127,-0.412042,1.0,0.0,0.0,0.0,0
67174812,-0.0596046,-0.0254406,0.810708,0.926823,0.0117955,-0.00355574,-0.375296,1.0,0.0,0.0,0.0,0
67278738,-0.00981622,-0.0246862,0.801132,0.941611,0.0124024,-0.00283234,-0.336462,1.0,0.0,0.0,0.0,0
67377030,-0.0142262,-0.0120129,0.805126,0.954078,0.0121047,-0.00270497,-0.299301,1.0,0.0,0.0,0.0,0
67481006,0.00322663,-0.0338116,0.786869,0.965661,0.0114417,-0.00215889,-0.259545,1.0,0.0,0.0,0.0,0
67582742,-0.0126098,0.0113734,0.796419,0.975378,0.0108005,-0.00202508,-0.220265,1.0,0.0,0.0,0.0,0
67682769,-2.44741,2.93615,0.797325,0.98295,-0.00761269,0.031077,-0.181068,1.0,0.0,0.0,0.0,0
67782734,-0.659897,0.696613,0.791771,0.981716,-0.0560352,0.11669,-0.13956,1.0,0.0,0.0,0.0,0
67886765,-0.669524,0.946553,0.767679,0.974501,-0.0893603,0.181833,-0.096436,1.0,0.0,0.0,0.0,0
67986743,-1.043,1.57838,0.802684,0.955286,-0.124131,0.262732,-0.0546965,1.0,0.0,0.0,0.0,0
68090759,-0.577172,0.849194,0.728042,0.935511,-0.143983,0.322317,-0.0141332,1.0,0.0,0.0,0.0,0
68190768,-0.420756,0.520917,0.596145,0.926454,-0.14475,0.34699,0.0181144,1.0,0.0,0.0,0.0,0
68292765,-0.0916208,0.105028,0.451792,0.924297,-0.136524,0.353798,0.043164,1.0,0.0,0.0,0.0,0
68394732,-0.041819,0.0364298,0.300517,0.923271,-0.13054,0.35608,0.0611263,1.0,0.0,0.0,0.0,0
68494770,-0.0124526,-0.0512927,0.188204,0.922369,-0.128063,0.357145,0.0726813,1.0,0.0,0.0,0.0,0
68594755,0.00393652,-0.0436997,0.0577246,0.92173,-0.127946,0.357563,0.0786922,1.0,0.0,0.0,0.0,0
68698726,-0.0856634,0.0623808,-0.0121955,0.921371,-0.129823,0.357394,0.0805626,1.0,0.0,0.0,0.0,0
68798793,-0.0755164,0.0424833,-0.0468696,0.921498,-0.132264,0.356398,0.0795483,1.0,0.0,0.0,0.0,0
68902735,-0.0751042,0.0129687,-0.0873148,0.921864,-0.135613,0.354819,0.0766823,1.0,0.0,0.0,0.0,0
69002818,-0.0389273,-0.016655,-0.0884408,0.922007,-0.138468,0.354156,0.0728236,1.0,0.0,0.0,0.0,0
69102990,-0.00608329,-0.0111116,-0.0930804,0.92224,-0.140694,0.353451,0.0689322,1.0,0.0,0.0,0.0,0
69206773,-0.0171713,-0.0154989,-0.0767633,0.922585,-0.142325,0.352532,0.0655876,1.0,0.0,0.0,0.0,0
69306867,-0.0221412,-0.0448058,-0.0598426,0.922727,-0.143816,0.352042,0.0629226,1.0,0.0,0.0,0.0,0
69406734,0.00189749,0.036586,-0.0282517,0.922674,-0.144683,0.352158,0.0610214,1.0,0.0,0.0,0.0,0
69510661,-0.0496346,-0.110508,-0.00788582,0.923213,-0.145659,0.350393,0.0607121,1.0,0.0,0.0,0.0,0
69610620,-0.160767,-0.320972,-0.00827392,0.926263,-0.149682,0.339897,0.0640512,1.0,0.0,0.0,0.0,0
69714625,-0.260954,-0.532059,0.0184394,0.931891,-0.158346,0.318341,0.0718633,1.0,0.0,0.0,0.0,0
69814723,-0.383017,-0.748698,0.0413431,0.93881,-0.170561,0.287427,0.0832543,1.0,0.0,0.0,0.0,0
69914656,-0.47363,-0.948653,0.0519241,0.946036,-0.186445,0.246024,0.0986189,1.0,0.0,0.0,0.0,0
70019617,-0.586575,-1.14432,0.0631182,0.952257,-0.206543,0.190907,0.118751,1.0,0.0,0.0,0.0,0
70118660,-0.680997,-1.3672,0.0832741,0.954846,-0.228172,0.127609,0.141149,1.0,0.0,0.0,0.0,0
70222633,-0.795616,-1.59916,0.0876695,0.951688,-0.252582,0.0492751,0.167526,1.0,0.0,0.0,0.0,0
70322644,-0.887377,-1.81663,0.113544,0.940107,-0.276784,-0.037438,0.195419,1.0,0.0,0.0,0.0,0
70422622,-0.977312,-2.02433,0.119041,0.917102,-0.300656,-0.134374,0.224663,1.0,0.0,0.0,0.0,0
70526718,-1.07162,-2.23712,0.134702,0.877739,-0.323188,-0.244577,0.25555,1.0,0.0,0.0,0.0,0
70626634,-1.13291,-2.46367,0.153901,0.821932,-0.340842,-0.356897,0.284392,1.0,0.0,0.0,0.0,0
70726634,-1.22132,-2.69183,0.165052,0.74555,-0.352488,-0.472481,0.310917,1.0,0.0,0.0,0.0,0
70830631,-1.30119,-2.92015,0.203218,0.641939,-0.355973,-0.591088,0.334385,1.0,0.0,0.0,0.0,0
70931675,-1.3305,-3.12742,0.206539,0.516142,-0.348759,-0.699059,0.351115,1.0,0.0,0.0,0.0,0
71034644,-1.41558,-3.38796,0.226534,0.362431,-0.328816,-0.794237,0.360154,1.0,0.0,0.0,0.0,0
71135660,-1.44234,-3.6065,0.220286,0.188887,-0.295175,-0.865106,0.358865,1.0,0.0,0.0,0.0,0
71232857,-1.49519,-3.84115,0.254371,0.00468385,-0.248911,-0.904324,0.346728,1.0,0.0,0.0,0.0,0
71336927,-1.52508,-4.10341,0.263829,-0.204476,-0.184547,-0.906492,0.320006,1.0,0.0,0.0,0.0,0
71438649,-1.52309,-4.33932,0.26947,-0.410284,-0.109,-0.861363,0.278999,1.0,0.0,0.0,0.0,0
71538634,-1.51643,-4.57675,0.297931,-0.601092,-0.0257143,-0.766492,0.22476,1.0,0.0,0.0,0.0,0
71642699,-1.53121,-4.83792,0.306982,-0.772124,0.0648184,-0.613052,0.154241,1.0,0.0,0.0,0.0,0
71744801,-1.49263,-5.05691,0.330092,-0.895696,0.150388,-0.411909,0.0737801,1.0,0.0,0.0,0.0,0
71842739,-0.353861,-0.83664,0.437901,-0.927812,0.176551,-0.327193,0.0306405,1.0,0.0,0.0,0.0,0
71946740,0.230308,0.448585,0.459582,-0.928124,0.171927,-0.330101,0.00781022,1.0,0.0,0.0,0.0,0
72046742,0.342129,0.526936,0.428928,-0.923866,0.159626,-0.347706,-0.00959538,1.0,0.0,0.0,0.0,0
72150735,0.147723,0.158801,0.398484,-0.921789,0.152446,-0.35526,-0.0292659,1.0,0.0,0.0,0.0,0
72250752,0.0481622,0.0319292,0.306395,-0.921143,0.148594,-0.356761,-0.0462338,1.0,0.0,0.0,0.0,0
72350864,0.0392556,0.0216134,0.233603,-0.920701,0.145137,-0.357495,-0.0586676,1.0,0.0,0.0,0.0,0
72454793,0.0296362,-0.00248431,0.11717,-0.920201,0.142436,-0.35843,-0.0668509,1.0,0.0,0.0,0.0,0
72554772,0.0460505,0.00923062,0.0724364,-0.919911,0.14147,-0.358626,-0.0716749,1.0,0.0,0.0,0.0,0
72654734,-0.000218092,0.0106871,0.00431334,-0.919785,0.140959,-0.358781,-0.0734976,1.0,0.0,0.0,0.0,0
72758820,-0.00428018,-0.0342282,-0.00630272,-0.919828,0.141358,-0.358552,-0.0733147,1.0,0.0,0.0,0.0,0
72858722,1.06423,-2.55345,-0.0680558,-0.937534,0.121193,-0.318235,-0.0711915,1.0,0.0,0.0,0.0,0
72962760,1.04755,-3.04773,-0.179476,-0.981984,0.0565918,-0.168334,-0.0645647,1.0,0.0,0.0,0.0,0
73062841,0.57939,-1.79039,-0.209713,-0.996059,0.0188676,-0.0672965,-0.054604,1.0,0.0,0.0,0.0,0
73162871,0.220643,-0.711368,-0.230749,-0.998772,0.00336061,-0.0236066,-0.0434227,1.0,0.0,0.0,0.0,0
73266743,0.0920692,-0.248637,-0.214,-0.999428,-0.00220576,-0.00841461,-0.0326739,1.0,0.0,0.0,0.0,0
73365511,0.030647,-0.085101,-0.181938,-0.999701,-0.00348435,-0.00444602,-0.0238005,1.0,0.0,0.0,0.0,0
73466791,0.00215208,0.012283,-0.106181,-0.999841,-0.00380203,-0.00330423,-0.0170848,1.0,0.0,0.0,0.0,0
73570764,0.000478991,0.0179754,-0.0627859,-0.999911,-0.00357754,-0.00327336,-0.0124242,1.0,0.0,0.0,0.0,0
73670847,0.00177515,-0.00132523,-0.0379078,-0.99994,-0.00349603,-0.00316102,-0.00994353,1.0,0.0,0.0,0.0,0
73774734,-0.0266011,0.010863,-0.0144867,-0.99995,-0.00344161,-0.00315623,-0.00890113,1.0,0.0,0.0,0.0,0
73874765,0.0150106,-0.0304646,0.0154657,-0.999946,-0.00343168,-0.00308022,-0.00935431,1.0,0.0,0.0,0.0,0
73974785,0.0621727,-0.0727472,0.0381635,-0.999935,-0.00346515,-0.00235175,-0.0105773,1.0,0.0,0.0,0.0,0
74078930,0.0413917,-0.0655823,0.0307695,-0.999919,-0.00331121,-0.00226841,-0.0121031,1.0,0.0,0.0,0.0,0
74178809,-0.00222134,-0.0194767,0.0278817,-0.999899,-0.00303965,-0.00236,-0.0137014,1.0,0.0,0.0,0.0,0
74282666,-0.0254168,-0.0184158,0.0229449,-0.999881,-0.00275552,-0.00208606,-0.0150604,1.0,0.0,0.0,0.0,0
74378645,-0.161255,0.132616,0.0356381,-0.999847,0.00134076,-0.00536128,-0.0166207,1.0,0.0,0.0,0.0,0
74482622,-0.280072,0.274497,0.0285185,-0.999623,0.0129565,-0.0156816,-0.0184512,1.0,0.0,0.0,0.0,0
74586622,-0.409591,0.414108,0.0518526,-0.998739,0.0315241,-0.033202,-0.0205844,1.0,0.0,0.0,0.0,0
74686627,-0.551,0.548763,0.0533566,-0.996536,0.0563173,-0.0567296,-0.0229525,1.0,0.0,0.0,0.0,0
74786661,-0.666225,0.672471,0.0765887,-0.99203,0.0877877,-0.0867307,-0.0254408,1.0,0.0,0.0,0.0,0
74890627,-0.828792,0.802963,0.0439114,-0.983637,0.127455,-0.124198,-0.0280849,1.0,0.0,0.0,0.0,0
74990697,-0.933883,0.922824,0.0601229,-0.97045,0.172012,-0.16638,-0.0309147,1.0,0.0,0.0,0.0,0
75094618,-1.11566,1.06705,0.0634172,-0.949688,0.224522,-0.215711,-0.033924,1.0,0.0,0.0,0.0,0
75192948,-1.23116,1.19124,0.0891059,-0.921563,0.279419,-0.267008,-0.0367838,1.0,0.0,0.0,0.0,0
75297368,-1.37552,1.3603,0.0760125,-0.880651,0.342176,-0.325253,-0.0397459,1.0,0.0,0.0,0.0,0
75398653,-1.52707,1.46991,0.0855075,-0.827952,0.406182,-0.384334,-0.0424171,1.0,0.0,0.0,0.0,0
75498656,-1.6546,1.58593,0.0855858,-0.761498,0.470746,-0.443259,-0.0451659,1.0,0.0,0.0,0.0,0
75598679,-1.79934,1.71875,0.0976553,-0.678997,0.534802,-0.500683,-0.0476021,1.0,0.0,0.0,0.0,0
75702622,-1.93737,1.82691,0.0845342,-0.57503,0.597919,-0.556184,-0.0499274,1.0,0.0,0.0,0.0,0
75804717,-2.10068,1.96122,0.107168,-0.454266,0.653048,-0.603716,-0.0519427,1.0,0.0,0.0,0.0,0
75906696,-2.2489,2.08354,0.10929,-0.31567,0.697834,-0.640728,-0.0533687,1.0,0.0,0.0,0.0,0
76006622,-2.37305,2.18802,0.0993104,-0.163632,0.727899,-0.663656,-0.0542994,1.0,0.0,0.0,0.0,0
76106647,-2.53808,2.32039,0.11219,0.00197972,0.740468,-0.669873,-0.0545238,1.0,0.0,0.0,0.0,0
76210620,-2.70745,2.39729,0.107326,0.183581,0.730725,-0.655299,-0.0540601,1.0,0.0,0.0,0.0,0
76310649,-2.84562,2.51107,0.123029,0.361524,0.695856,-0.618302,-0.0527972,1.0,0.0,0.0,0.0,0
76410665,-2.97196,2.63312,0.120323,0.535116,0.633308,-0.556817,-0.0502652,1.0,0.0,0.0,0.0,0
76510610,-3.16459,2.75321,0.129323,0.695044,0.541707,-0.47042,-0.0466154,1.0,0.0,0.0,0.0,0
76614624,-3.32649,2.83172,0.130281,0.836532,0.415255,-0.355047,-0.0414664,1.0,0.0,0.0,0.0,0
76718656,-3.49712,2.93921,0.141753,0.940242,0.260134,-0.216944,-0.0347868,1.0,0.0,0.0,0.0,0
76818654,-3.67717,3.03381,0.142332,0.99335,0.0890978,-0.067659,-0.0272075,1.0,0.0,0.0,0.0,0
76918751,-1.18541,0.8065,0.142236,0.994902,-0.0722261,0.0678604,-0.0186695,1.0,0.0,0.0,0.0,0
77022729,1.0522,-0.923698,0.0444025,0.996098,-0.0633538,0.0597705,-0.0142214,1.0,0.0,0.0,0.0,0
77122735,0.845599,-0.7996,0.000342567,0.999098,-0.0264897,0.0301256,-0.0139111,1.0,0.0,0.0,0.0,0
77221072,0.393774,-0.416713,-0.0353298,0.9997,-0.00880847,0.0168292,-0.0154516,1.0,0.0,0.0,0.0,0
77326735,0.262833,-0.336783,-0.0445428,0.999821,0.00212313,0.00526639,-0.0180251,1.0,0.0,0.0,0.0,0
77426785,-0.0148621,0.00869056,-0.0504537,0.999766,0.00500911,0.00202895,-0.0209382,1.0,0.0,0.0,0.0,0
77526744,-0.0681156,0.0671614,-0.0323409,0.999688,0.00749614,-0.0017729,-0.0237818,1.0,0.0,0.0,0.0,0
77630775,-0.0398224,0.0254661,-0.0498102,0.999614,0.00786519,-0.0029009,-0.0264945,1.0,0.0,0.0,0.0,0
77730741,0.0122376,-0.023961,-0.00844743,0.999565,0.0075493,-0.00298968,-0.0283575,1.0,0.0,0.0,0.0,0
77834947,-0.0151335,-0.00883258,0.00694391,0.999525,0.00712941,-0.00279021,-0.0298428,1.0,0.0,0.0,0.0,0
77934803,-0.00118697,0.00566205,0.00252388,0.999498,0.00719867,-0.00289426,-0.0307165,1.0,0.0,0.0,0.0,0
78034846,0.0125499,0.0154558,0.00551836,0.999493,0.0071045,-0.00262771,-0.0309172,1.0,0.0,0.0,0.0,0
78138780,0.0801383,0.00711423,0.016352,0.999502,0.00720584,-0.00218972,-0.0306539,1.0,0.0,0.0,0.0,0
78238736,0.0594946,0.0046199,0.0324652,0.999523,0.00698139,-0.00217839,-0.0300139,1.0,0.0,0.0,0.0,0
78338781,0.0404436,0.0299646,0.0199461,0.99954,0.00632487,-0.00199298,-0.0295851,1.0,0.0,0.0,0.0,0
78442758,-0.00745833,0.00639991,0.0233011,0.999569,0.00537711,-0.00215853,-0.0287832,1.0,0.0,0.0,0.0,0
78542765,-0.0124724,-0.00320823,0.022941,0.999588,0.00524239,-0.00176228,-0.0281619,1.0,0.0,0.0,0.0,0
78646741,0.00200875,-0.0122856,-0.00132801,0.999606,0.00517014,-0.00174458,-0.027547,1.0,0.0,0.0,0.0,0
78746762,0.0140621,-0.0157457,0.0157161,0.99962,0.00472942,-0.00179065,-0.0271096,1.0,0.0,0.0,0.0,0
78846788,0.00226292,0.0181893,0.0215994,0.999634,0.0045131,-0.00176324,-0.0266269,1.0,0.0,0.0,0.0,0
78950654,-0.03414,-0.0111587,0.0140486,0.999641,0.00440923,-0.00175151,-0.0263529,1.0,0.0,0.0,0.0,0
79050639,-0.129344,0.0398592,0.0289774,0.999656,0.000177845,-0.000442304,-0.0262128,1.0,0.0,0.0,0.0,0
79154670,-0.249727,0.0891393,0.00167832,0.999611,-0.00961056,0.00334058,-0.025976,1.0,0.0,0.0,0.0,0
79254692,-0.330712,0.14174,-0.0245857,0.999339,-0.0240411,0.00947173,-0.0255616,1.0,0.0,0.0,0.0,0
79352947,-0.464032,0.185182,0.00511647,0.998591,-0.0433183,0.0176542,-0.0250754,1.0,0.0,0.0,0.0,0
79457048,-0.556478,0.203965,0.00995102,0.996893,-0.0690494,0.0288575,-0.0245783,1.0,0.0,0.0,0.0,0
79558621,-0.656257,0.267633,-0.0027855,0.99384,-0.0996537,0.0421463,-0.0239583,1.0,0.0,0.0,0.0,0
79658657,-0.772106,0.311838,0.00590543,0.988937,-0.134773,0.0573908,-0.0233662,1.0,0.0,0.0,0.0,0
79762658,-0.868289,0.357306,-0.00229947,0.981165,-0.176365,0.0754977,-0.0226104,1.0,0.0,0.0,0.0,0
79862664,-0.95827,0.393557,-0.00481535,0.970375,-0.22108,0.0949566,-0.0219014,1.0,0.0,0.0,0.0,0
79966633,-1.07447,0.441058,0.0245914,0.954801,-0.272261,0.117451,-0.0208319,1.0,0.0,0.0,0.0,0
80066656,-1.17655,0.479872,-0.000921944,0.934847,-0.325406,0.140672,-0.0195572,1.0,0.0,0.0,0.0,0
80166622,-1.3101,0.543403,0.0163935,0.909015,-0.382102,0.165393,-0.0183284,1.0,0.0,0.0,0.0,0
80270648,-1.4029,0.563166,0.00289611,0.874945,-0.444056,0.192363,-0.0167693,1.0,0.0,0.0,0.0,0
80371663,-1.51409,0.621876,0.0108357,0.833916,-0.506207,0.219326,-0.0153378,1.0,0.0,0.0,0.0,0
80470678,-1.62451,0.647954,0.0316185,0.785156,-0.568061,0.246283,-0.0134674,1.0,0.0,0.0,0.0,0
80574656,-1.72363,0.711102,0.0213942,0.72428,-0.632507,0.274272,-0.0112944,1.0,0.0,0.0,0.0,0
80674624,-1.81001,0.748928,0.0273306,0.655542,-0.69272,0.300536,-0.00904895,1.0,0.0,0.0,0.0,0
80778624,-1.95669,0.786079,0.00287335,0.572756,-0.751988,0.326224,-0.00648779,1.0,0.0,0.0,0.0,0
80878657,-2.04423,0.800146,0.0175013,0.482317,-0.803702,0.348452,-0.00390023,1.0,0.0,0.0,0.0,0
80978657,-2.12127,0.865773,0.0131343,0.381193,-0.848215,0.367724,-0.00114297,1.0,0.0,0.0,0.0,0
81082628,-2.23649,0.901864,0.0266033,0.265142,-0.884719,0.383363,0.00212006,1.0,0.0,0.0,0.0,0
81182648,-2.35143,0.952741,0.0365725,0.144261,-0.907951,0.393426,0.00539676,1.0,0.0,0.0,0.0,0
81282620,-2.46713,0.990571,0.00862899,0.0154804,-0.917516,0.397302,0.00872921,1.0,0.0,0.0,0.0,0
81386661,-2.57731,1.04648,0.0346525,-0.124654,-0.910464,0.394162,0.012383,1.0,0.0,0.0,0.0,0
81484953,-2.68255,1.05369,0.0435424,-0.260473,-0.885906,0.383491,0.0161139,1.0,0.0,0.0,0.0,0
81588957,-2.79564,1.1072,0.0140852,-0.404064,-0.83934,0.363103,0.0199221,1.0,0.0,0.0,0.0,0
81690655,-2.88478,1.15599,0.00640292,-0.540441,-0.771989,0.333769,0.0235466,1.0,0.0,0.0,0.0,0
81790654,-2.99738,1.18951,0.0292565,-0.666234,-0.684169,0.295506,0.0268513,1.0,0.0,0.0,0.0,0
81894861,-3.11392,1.23918,0.0231931,-0.783403,-0.570038,0.24587,0.0297519,1.0,0.0,0.0,0.0,0
81994626,-3.22275,1.27025,0.0360521,-0.877105,-0.440121,0.189672,0.0317126,1.0,0.0,0.0,0.0,0
82094660,-3.31291,1.30549,0.0237188,-0.947423,-0.292332,0.12581,0.0332279,1.0,0.0,0.0,0.0,0
82198620,-3.42466,1.36531,0.0220953,-0.990315,-0.12377,0.0531146,0.0336909,1.0,0.0,0.0,0.0,0
82301006,-3.54395,1.38049,0.0203509,-0.997834,0.0521851,-0.022695,0.033009,1.0,0.0,0.0,0.0,0
82402633,-3.64996,1.43265,0.0295915,-0.96764,0.229997,-0.0990927,0.0309138,1.0,0.0,0.0,0.0,0
82502643,-3.77034,1.46064,0.0303718,-0.899112,0.401281,-0.172636,0.0277121,1.0,0.0,0.0,0.0,0
82602622,-3.8724,1.49473,0.016279,-0.791823,0.560845,-0.240693,0.0231589,1.0,0.0,0.0,0.0,0
82706657,-3.98832,1.55774,0.00960459,-0.64084,0.705374,-0.302446,0.0172436,1.0,0.0,0.0,0.0,0
82806621,-4.08649,1.57615,0.0519512,-0.461844,0.81514,-0.349491,0.010134,1.0,0.0,0.0,0.0,0
82906732,-4.19321,1.6093,0.0158013,-0.255515,0.888753,-0.380561,0.00190585,1.0,0.0,0.0,0.0,0
83010623,-4.2899,1.64424,0.0142078,-0.0227184,0.919201,-0.393067,-0.00721492,1.0,0.0,0.0,0.0,0
83110678,-4.40771,1.69994,0.0264463,0.208882,0.899301,-0.383876,-0.0162706,1.0,0.0,0.0,0.0,0
83210648,-4.51321,1.71141,0.0160326,0.434219,0.828288,-0.353227,-0.0249703,1.0,0.0,0.0,0.0,0
83314627,-4.65224,1.7511,0.012701,0.646683,0.701235,-0.298285,-0.0331178,1.0,0.0,0.0,0.0,0
83414642,-4.74284,1.78724,0.0231699,0.815252,0.531986,-0.225456,-0.0390384,1.0,0.0,0.0,0.0,0
83518660,-4.86234,1.82846,0.0278738,0.938591,0.315477,-0.132986,-0.0428589,1.0,0.0,0.0,0.0,0
83617445,-4.96511,1.84403,0.0272778,0.994907,0.0839893,-0.0346144,-0.0436853,1.0,0.0,0.0,0.0,0
83721125,-5.07666,1.88852,0.0360227,0.981667,-0.171046,0.0731869,-0.0414252,1.0,0.0,0.0,0.0,0
83822687,-5.19289,1.92923,0.0302676,0.893161,-0.412774,0.174925,-0.0358049,1.0,0.0,0.0,0.0,0
83922653,-5.28402,1.95119,0.0236459,0.735428,-0.623831,0.263125,-0.0273347,1.0,0.0,0.0,0.0,0
84026660,-5.41453,1.98689,0.0363741,0.506409,-0.794725,0.334235,-0.0158043,1.0,0.0,0.0,0.0,0
84126625,-5.51971,2.01916,0.024469,0.238882,-0.895523,0.375454,-0.00284239,1.0,0.0,0.0,0.0,0
84226630,-5.62701,2.04797,0.0259778,-0.0541908,-0.921175,0.385191,0.0112721,1.0,0.0,0.0,0.0,0
84330625,-5.71339,2.07129,0.0188681,-0.359226,-0.861053,0.359009,0.0256538,1.0,0.0,0.0,0.0,0
84430627,-5.84743,2.10171,0.045343,-0.62452,-0.720336,0.299444,0.0377513,1.0,0.0,0.0,0.0,0
84530714,-5.95618,2.13531,0.0206093,-0.834518,-0.507312,0.209799,0.0468938,1.0,0.0,0.0,0.0,0
84634623,-6.0599,2.18809,0.0247596,-0.967657,-0.228498,0.0933441,0.0521061,1.0,0.0,0.0,0.0,0
84734701,-6.16786,2.19124,0.0338337,-0.995786,0.0695312,-0.0304348,0.0514656,1.0,0.0,0.0,0.0,0
84838669,-6.30174,2.228,0.0412142,-0.911989,0.376349,-0.156962,0.0447185,1.0,0.0,0.0,0.0,0
84938657,-6.39357,2.25605,0.0448321,-0.726549,0.634119,-0.262568,0.0328197,1.0,0.0,0.0,0.0,0
85038632,-6.49895,2.26184,0.0387691,-0.455234,0.823149,-0.338983,0.0166545,1.0,0.0,0.0,0.0,0
85142661,-6.60625,2.30328,0.0322505,-0.111885,0.919415,-0.377024,-0.00324401,1.0,0.0,0.0,0.0,0
85242792,-4.59384,1.15583,0.0235736,0.202563,0.906383,-0.370152,-0.0206481,1.0,0.0,0.0,0.0,0
85342788,-3.46184,1.17785,-0.163409,0.408748,0.845721,-0.340481,-0.0418755,1.0,0.0,0.0,0.0,0
85446739,-3.48755,1.19223,-0.417205,0.593929,0.749664,-0.285289,-0.062145,1.0,0.0,0.0,0.0,0
85546743,-3.44236,1.07937,-0.65385,0.746512,0.624075,-0.212141,-0.0908109,1.0,0.0,0.0,0.0,0
85645122,-3.31016,0.520622,-0.871444,0.853695,0.483478,-0.140197,-0.133413,1.0,0.0,0.0,0.0,0
85750742,-3.4723,-0.024122,-0.992847,0.925314,0.316118,-0.0785749,-0.194139,1.0,0.0,0.0,0.0,0
85853296,-0.833176,-0.611379,-0.99323,0.949276,0.178793,-0.0481594,-0.254143,1.0,0.0,0.0,0.0,0
85950774,1.35732,-0.595459,-0.854466,0.930336,0.195287,-0.0788157,-0.30021,1.0,0.0,0.0,0.0,0
86054887,0.75875,-0.165282,-0.670415,0.903314,0.243789,-0.108484,-0.335891,1.0,0.0,0.0,0.0,0
86154798,0.245459,-0.0151518,-0.479487,0.885158,0.271314,-0.116882,-0.359476,1.0,0.0,0.0,0.0,0
86258772,-0.0144999,-0.0424767,-0.288723,0.873975,0.285531,-0.118182,-0.375064,1.0,0.0,0.0,0.0,0
86358739,0.0472245,-0.0141165,-0.113229,0.869146,0.290429,-0.116559,-0.382951,1.0,0.0,0.0,0.0,0
86458960,0.0279512,0.0105532,-0.00659962,0.868098,0.291525,-0.1147,-0.385051,1.0,0.0,0.0,0.0,0
86562739,0.0437974,0.0137291,0.0760141,0.869724,0.289403,-0.113231,-0.383412,1.0,0.0,0.0,0.0,0
86662799,0.050736,0.0154701,0.0986574,0.872153,0.287384,-0.112901,-0.37949,1.0,0.0,0.0,0.0,0
86766768,-0.483913,-0.0211258,0.108646,0.875344,0.284125,-0.113072,-0.374514,1.0,0.0,0.0,0.0,0
86866772,-3.24431,-0.0883369,0.104951,0.905076,0.174308,-0.0719992,-0.381143,1.0,0.0,0.0,0.0,0
86966825,-3.53932,-0.0486343,0.113703,0.92346,0.0050284,-0.0062252,-0.383611,1.0,0.0,0.0,0.0,0
87070767,-2.91299,-0.597495,-0.00563643,0.916192,-0.129792,0.0411954,-0.376894,1.0,0.0,0.0,0.0,0
87170911,-1.88403,-0.989151,-0.0251622,0.904866,-0.217199,0.0263281,-0.36517,1.0,0.0,0.0,0.0,0
87270825,-0.29225,0.114645,-0.0164393,0.891951,-0.273979,0.0265353,-0.358685,1.0,0.0,0.0,0.0,0
87374764,1.74321,0.690939,0.0083846,0.899267,-0.240541,0.0311647,-0.363989,1.0,0.0,0.0,0.0,0
87474735,2.75723,0.5777,-0.00181046,0.917536,-0.136902,0.022663,-0.372656,1.0,0.0,0.0,0.0,0
87578757,1.74162,0.239858,0.00751085,0.925846,-0.043618,0.00527342,-0.375338,1.0,0.0,0.0,0.0,0
87678726,1.2573,0.0473166,-0.0200258,0.927012,0.00193724,-0.00627867,-0.374974,1.0,0.0,0.0,0.0,0
87777215,0.678738,0.00736073,-0.0208596,0.926851,0.0274894,-0.0144122,-0.374145,1.0,0.0,0.0,0.0,0
87881371,-0.0387255,0.0118709,0.00418121,0.927246,0.0202872,-0.0109827,-0.373742,1.0,0.0,0.0,0.0,0
87985158,-0.263796,0.0025467,-0.0133875,0.927641,0.00551897,-0.00463347,-0.373404,1.0,0.0,0.0,0.0,0
88082811,-1.07266,-0.00680876,-0.0139462,0.927023,-0.0370012,0.0130601,-0.372946,1.0,0.0,0.0,0.0,0
88186745,-0.780107,-0.0139848,-0.00979656,0.922866,-0.0937152,0.0369824,-0.371711,1.0,0.0,0.0,0.0,0
88286810,0.757846,-0.0177591,-0.0359976,0.922812,-0.0934506,0.0365414,-0.371954,1.0,0.0,0.0,0.0,0
88390783,0.876662,0.0151775,-0.0154451,0.926327,-0.0446347,0.0158751,-0.37373,1.0,0.0,0.0,0.0,0
88490816,0.393824,0.0152999,-0.00933464,0.927169,-0.0138674,0.00316042,-0.374373,1.0,0.0,0.0,0.0,0
88590783,0.147843,0.00507792,0.01135,0.927324,-0.000712524,-0.00199718,-0.374253,1.0,0.0,0.0,0.0,0
88694767,0.10134,-0.0245664,0.000234797,0.927395,0.00343455,-0.00352632,-0.37405,1.0,0.0,0.0,0.0,0
88794733,0.0329734,-0.0439985,0.00180654,0.927493,0.00454747,-0.00404566,-0.373792,1.0,0.0,0.0,0.0,0
88894734,0.0364922,-0.0401613,0.0215314,0.927672,0.00487586,-0.00396289,-0.373344,1.0,0.0,0.0,0.0,0
88998739,0.0309286,-0.0152295,0.021192,0.9278,0.00513489,-0.00407461,-0.37302,1.0,0.0,0.0,0.0,0
89098736,0.0148768,-0.0145906,0.0102547,0.92795,0.0052617,-0.00394636,-0.372646,1.0,0.0,0.0,0.0,0
89202739,0.0403237,-0.0126406,0.0160537,0.928033,0.00528453,-0.00399712,-0.372439,1.0,0.0,0.0,0.0,0
89302886,0.0288094,-0.00136675,-0.016471,0.928115,0.00560567,-0.00442915,-0.372225,1.0,0.0,0.0,0.0,0
89402823,0.0403462,-0.00114676,-0.0108865,0.928123,0.00727672,-0.0050199,-0.37217,1.0,0.0,0.0,0.0,0
89506741,0.306924,0.0157236,-0.00413326,0.92808,0.0172681,-0.00921172,-0.371867,1.0,0.0,0.0,0.0,0
89606756,0.629753,-0.00509455,0.014866,0.927324,0.0412934,-0.0190832,-0.371484,1.0,0.0,0.0,0.0,0
89706775,0.2974,-0.027942,0.00400709,0.926021,0.0648077,-0.0282848,-0.370789,1.0,0.0,0.0,0.0,0
89810873,-0.629787,-0.011938,0.00450961,0.926722,0.0534444,-0.0234395,-0.371189,1.0,0.0,0.0,0.0,0
89909306,-0.470776,-0.00778403,-0.0149756,0.927814,0.0272721,-0.0127411,-0.371827,1.0,0.0,0.0,0.0,0
90013342,-0.195506,-0.0138462,-0.0185741,0.928096,0.0126787,-0.00680423,-0.372064,1.0,0.0,0.0,0.0,0
90114736,-0.0856016,-0.00640327,-0.008456,0.92809,0.00755943,-0.00484261,-0.372247,1.0,0.0,0.0,0.0,0
90214633,0.000983892,0.103468,0.00138597,0.928087,0.00722202,-0.00273078,-0.372283,1.0,0.0,0.0,0.0,0
90318661,-0.00811366,0.242241,-0.00982602,0.927934,0.010219,0.00565886,-0.372561,1.0,0.0,0.0,0.0,0
90418620,-0.0147358,0.347284,-0.00800706,0.9275,0.0156887,0.019801,-0.372969,1.0,0.0,0.0,0.0,0
90522631,0.00312303,0.00977515,-0.00750016,0.926494,0.0233585,0.038779,-0.373577,1.0,0.0,0.0,0.0,0
90622647,0.00174828,-0.0034788,-0.00029876,0.926514,0.0233502,0.0388813,-0.373517,1.0,0.0,0.0,0.0,0
90722650,-0.00292282,-0.00650647,0.00211958,0.926633,0.0232682,0.0388164,-0.373233,1.0,0.0,0.0,0.0,0
90826634,-0.0138296,-0.0100648,0.0165388,0.9267,0.0231206,0.0389051,-0.373067,1.0,0.0,0.0,0.0,0
90926650,-0.00101839,0.0113471,0.00950064,0.926724,0.0232103,0.03907,-0.372984,1.0,0.0,0.0,0.0,0
91026831,0.0224191,0.00669876,-0.00159521,0.92674,0.0227215,0.0393272,-0.372947,1.0,0.0,0.0,0.0,0
91126740,-0.00179585,-0.0111896,0.0109329,0.926725,0.0216512,0.0397291,-0.373005,1.0,0.0,0.0,0.0,0
91230745,0.0147815,0.00365581,-0.00189068,0.926785,0.0207425,0.0401386,-0.372864,1.0,0.0,0.0,0.0,0
91331743,-0.00885477,0.00288371,0.0154567,0.926901,0.02018,0.0404741,-0.372572,1.0,0.0,0.0,0.0,0
91434756,-0.0163115,0.011121,-0.00188756,0.926882,0.0196577,0.040474,-0.372647,1.0,0.0,0.0,0.0,0
91534736,0.00912574,-0.0131274,0.00579875,0.926922,0.0196501,0.0404589,-0.372548,1.0,0.0,0.0,0.0,0
91638798,0.0144256,-0.0166001,0.0105373,0.926982,0.0194732,0.0406238,-0.372391,1.0,0.0,0.0,0.0,0
91738740,0.00166394,0.0175156,0.0149614,0.926989,0.0198552,0.0407065,-0.372345,1.0,0.0,0.0,0.0,0
91839851,-0.0225104,-0.00980542,-0.00500679,0.926958,0.0199069,0.0406348,-0.372425,1.0,0.0,0.0,0.0,0
91942739,0.000322563,0.019057,0.000865293,0.926876,0.0202144,0.0406615,-0.372612,1.0,0.0,0.0,0.0,0
92041379,-0.0048078,0.00305097,-0.000340826,0.926901,0.0202546,0.0406811,-0.372543,1.0,0.0,0.0,0.0,0
92145174,-0.014707,0.00808778,-0.00963179,0.926858,0.0203567,0.0406857,-0.372645,1.0,0.0,0.0,0.0,0
92246777,0.00238592,-0.00055907,0.00393462,0.926909,0.0205261,0.0405692,-0.372523,1.0,0.0,0.0,0.0,0
92346730,-0.000613282,-0.0113825,0.014903,0.926895,0.0205281,0.0407309,-0.372538,1.0,0.0,0.0,0.0,0
92446734,0.0113322,-0.00210482,-0.00385813,0.926924,0.0206338,0.0408913,-0.372444,1.0,0.0,0.0,0.0,0
92550736,0.00819758,-0.00261356,0.00349181,0.926954,0.02054,0.0409559,-0.372366,1.0,0.0,0.0,0.0,0
92651722,-0.00598464,-0.0206893,-0.00665514,0.926927,0.020662,0.0410074,-0.372422,1.0,0.0,0.0,0.0,0
92754744,-0.0117313,-0.0220119,0.00503217,0.926981,0.0207047,0.0409241,-0.372295,1.0,0.0,0.0,0.0,0
92854845,-0.00127565,8.89455e-05,0.0116887,0.92699,0.020613,0.0410482,-0.372263,1.0,0.0,0.0,0.0,0
92954775,-0.00770532,0.00222602,0.00426626,0.926955,0.0205685,0.0411077,-0.372345,1.0,0.0,0.0,0.0,0
93058844,-0.00151409,-0.00213681,0.00399433,0.926938,0.0205804,0.0411936,-0.372379,1.0,0.0,0.0,0.0,0
93158766,-0.00747591,0.00228889,0.0183158,0.926914,0.0205899,0.041283,-0.372427,1.0,0.0,0.0,0.0,0
93262732,-0.00937431,-0.00230762,0.0121513,0.926862,0.0205623,0.0413728,-0.37255,1.0,0.0,0.0,0.0,0
93362760,-0.0185617,-0.00171812,-0.0137055,0.926865,0.020437,0.041469,-0.372537,1.0,0.0,0.0,0.0,0
93462790,-0.00733523,-0.0086901,0.0106605,0.926869,0.0203762,0.0416777,-0.372508,1.0,0.0,0.0,0.0,0
93566763,0.0045545,-0.00747467,0.00259212,0.926881,0.0202963,0.0415926,-0.37249,1.0,0.0,0.0,0.0,0
93667736,-0.0132576,0.0109299,-0.00566387,0.926927,0.0203092,0.0417544,-0.372359,1.0,0.0,0.0,0.0,0
93766736,0.000729496,-0.017943,0.0148755,0.926979,0.0203907,0.0418791,-0.372211,1.0,0.0,0.0,0.0,0
93870735,0.00927357,-0.0139149,-0.00182969,0.927003,0.0201725,0.0420075,-0.372147,1.0,0.0,0.0,0.0,0
93970746,0.0108567,0.011306,-0.00601135,0.926993,0.0201581,0.0420996,-0.372162,1.0,0.0,0.0,0.0,0
94074797,0.00498587,-0.00494749,-0.000783729,0.927043,0.0201152,0.0421257,-0.372037,1.0,0.0,0.0,0.0,0
94173416,0.00112191,-0.00735881,0.00675038,0.926999,0.0202158,0.0422265,-0.37213,1.0,0.0,0.0,0.0,0
94277471,0.00297787,-0.00507244,-0.00256696,0.926991,0.0201131,0.0421387,-0.372166,1.0,0.0,0.0,0.0,0
94378731,0.00618812,-0.00456966,0.0137763,0.927083,0.020183,0.0421646,-0.37193,1.0,0.0,0.0,0.0,0
94478766,-0.021582,0.00963945,0.00589443,0.92703,0.0203062,0.0423469,-0.372036,1.0,0.0,0.0,0.0,0
94578768,0.00793476,-0.0103951,0.00428077,0.927014,0.0202498,0.0423617,-0.372076,1.0,0.0,0.0,0.0,0
94682777,-0.0165937,-0.00476195,0.0119889,0.927051,0.0199906,0.0424885,-0.371983,1.0,0.0,0.0,0.0,0
94783743,0.00157279,-0.0090365,0.00580091,0.927103,0.0197715,0.0423441,-0.371882,1.0,0.0,0.0,0.0,0
94886850,-0.0229475,-0.0010133,0.00561292,0.927154,0.0198318,0.0423406,-0.371751,1.0,0.0,0.0,0.0,0
94986732,-0.0125449,0.0215083,-0.00417522,0.927206,0.0199179,0.0424734,-0.371601,1.0,0.0,0.0,0.0,0
95086957,0.0097013,-0.00242883,0.00514638,0.927198,0.0199237,0.0425382,-0.371614,1.0,0.0,0.0,0.0,0
95190745,0.015853,-0.0082568,0.00314836,0.927169,0.0200066,0.0425141,-0.371686,1.0,0.0,0.0,0.0,0
95290767,0.0114066,-0.014454,0.00796816,0.927222,0.0201196,0.0424474,-0.371555,1.0,0.0,0.0,0.0,0
95394732,-0.0225037,0.0129972,0.00869153,0.927268,0.02027,0.0423313,-0.371444,1.0,0.0,0.0,0.0,0
95494735,0.000632676,-0.0131129,-0.00880797,0.927331,0.0204215,0.0422419,-0.37129,1.0,0.0,0.0,0.0,0
95594764,-0.012508,0.0120583,-0.00133141,0.927382,0.0205103,0.0423831,-0.37114,1.0,0.0,0.0,0.0,0
95698774,-0.00554077,0.0131667,-0.0096908,0.927356,0.0204769,0.0424757,-0.371196,1.0,0.0,0.0,0.0,0
95798757,0.00476625,0.00883909,-0.00617571,0.927329,0.0204318,0.0425588,-0.371259,1.0,0.0,0.0,0.0,0
95898819,-0.0155669,0.0145414,-0.000796882,0.927366,0.0203236,0.042798,-0.371142,1.0,0.0,0.0,0.0,0
96002773,0.018347,0.0163421,-0.0034829,0.927352,0.020464,0.0430125,-0.371145,1.0,0.0,0.0,0.0,0
96102774,-0.000568999,-0.0245313,-0.00247628,0.927325,0.0205464,0.0430155,-0.37121,1.0,0.0,0.0,0.0,0
96201417,0.00416918,0.0015809,0.0100062,0.927328,0.0205363,0.042942,-0.37121,1.0,0.0,0.0,0.0,0
96305420,-0.0083377,-0.000699318,0.0154509,0.927361,0.0203992,0.0428601,-0.371145,1.0,0.0,0.0,0.0,0
96409300,-0.00139968,-0.00420719,-0.00166524,0.927377,0.0204956,0.0430911,-0.371072,1.0,0.0,0.0,0.0,0
96510748,-0.00550223,0.00838895,-0.0108631,0.927542,0.020397,0.0432832,-0.370644,1.0,0.0,0.0,0.0,0
96610750,-0.00645545,-0.00229512,-0.00234605,0.927618,0.0204337,0.0432805,-0.370451,1.0,0.0,0.0,0.0,0
96710810,-0.00269216,0.00692538,-0.00505273,0.927645,0.0204985,0.0431894,-0.370392,1.0,0.0,0.0,0.0,0
96814765,-0.00791628,0.00903709,0.0086322,0.927712,0.0207061,0.0430856,-0.370224,1.0,0.0,0.0,0.0,0
96914758,0.00681384,-0.0004694,-0.00126301,0.927661,0.0207185,0.0430828,-0.370352,1.0,0.0,0.0,0.0,0
97014753,0.00505285,-0.011322,0.00181641,0.927664,0.0206717,0.043125,-0.37034,1.0,0.0,0.0,0.0,0
97118764,0.00376226,0.00274278,0.00124915,0.927652,0.0208459,0.0431396,-0.370359,1.0,0.0,0.0,0.0,0
97218735,0.0071862,0.0116926,0.00136514,0.927687,0.0211057,0.0432381,-0.370245,1.0,0.0,0.0,0.0,0
97322784,0.00970855,-0.00237914,-0.00700765,0.927656,0.0211094,0.0431365,-0.370335,1.0,0.0,0.0,0.0,0
97422731,-0.0046441,0.00194548,-0.00202885,0.927683,0.0211687,0.043094,-0.37027,1.0,0.0,0.0,0.0,0
97522814,0.0123351,-0.017935,-0.0227863,0.927633,0.0212612,0.043093,-0.370389,1.0,0.0,0.0,0.0,0
97626789,-0.00520241,-0.00368613,-0.00111471,0.927716,0.0211349,0.0429007,-0.370211,1.0,0.0,0.0,0.0,0
97726740,-0.00182281,-0.00393232,0.0109827,0.927729,0.021186,0.0430197,-0.370161,1.0,0.0,0.0,0.0,0
97826834,0.0120075,-0.00724193,-0.00695037,0.927732,0.0213343,0.0430264,-0.370145,1.0,0.0,0.0,0.0,0
97930748,-0.00606959,-0.00395451,0.0162036,0.927811,0.0212901,0.0430441,-0.369946,1.0,0.0,0.0,0.0,0
98031745,-0.00582341,0.0103222,0.0187492,0.927877,0.0211897,0.0432026,-0.36977,1.0,0.0,0.0,0.0,0
98134734,-0.00453451,-0.0138405,-0.00186557,0.927792,0.0210081,0.043191,-0.369994,1.0,0.0,0.0,0.0,0
98235006,-0.00724446,-0.0145512,0.0116109,0.92786,0.0210239,0.0431647,-0.369826,1.0,0.0,0.0,0.0,0
98333437,-0.00806774,0.0047986,0.00659091,0.927864,0.020977,0.0431254,-0.369822,1.0,0.0,0.0,0.0,0
98438784,-0.000261261,-0.00678166,-0.000658045,0.927852,0.0211126,0.0430218,-0.369857,1.0,0.0,0.0,0.0,0
98538748,-0.0152561,0.00512402,-0.00635968,0.92785,0.0211596,0.0430371,-0.369856,1.0,0.0,0.0,0.0,0
98638753,-0.00926185,-0.00310359,0.00116673,0.927894,0.0213358,0.0430745,-0.369734,1.0,0.0,0.0,0.0,0
98742821,-0.00746097,0.00333137,0.000582965,0.927935,0.0211526,0.0429152,-0.369659,1.0,0.0,0.0,0.0,0
98842720,0.0264576,-0.000403039,-0.00509774,0.927926,0.0213491,0.0428919,-0.369673,1.0,0.0,0.0,0.0,0
98946723,0.00823477,-0.0150933,-0.0106977,0.92791,0.0215046,0.0429734,-0.369695,1.0,0.0,0.0,0.0,0
99046718,-0.00147636,0.0211972,-0.0103385,0.927934,0.0217105,0.0429168,-0.369628,1.0,0.0,0.0,0.0,0
99146795,-0.0100261,0.00636365,0.00689738,0.927963,0.0218004,0.0430884,-0.36953,1.0,0.0,0.0,0.0,0
99250728,0.023758,0.00825274,-0.00999496,0.927958,0.0219528,0.0432471,-0.369516,1.0,0.0,0.0,0.0,0
99350747,0.00972706,0.010099,0.00547989,0.927915,0.0222532,0.0433869,-0.369588,1.0,0.0,0.0,0.0,0
99450714,-0.008211,0.00608115,0.00290464,0.927888,0.0225749,0.0433223,-0.369645,1.0,0.0,0.0,0.0,0
99554740,-0.0218852,0.027101,-0.00922321,0.92796,0.022593,0.0432896,-0.369467,1.0,0.0,0.0,0.0,0
99654773,-0.0117921,-0.0165705,-0.0109269,0.928009,0.0227119,0.0433005,-0.369336,1.0,0.0,0.0,0.0,0
99758758,0.0104735,-0.0129954,0.00445249,0.928,0.0228743,0.0431744,-0.369363,1.0,0.0,0.0,0.0,0
